DepMap ID,"VHL Gene Effect (Chronos) CRISPR (DepMap 22Q2 Public+Score, Chronos)",VHL Copy Number log2(relative to ploidy + 1) Copy Number 22Q2 Public,Cell Line Name,Primary Disease,Lineage,VHL Mutations
ACH-000001,-0.733835099,0.972450667,NIHOVCAR3,Ovarian Cancer,Ovary,Other
ACH-000004,-0.156587625,1.107325141,HEL,Leukemia,Blood,Other
ACH-000005,-0.554184608,1.102690644,HEL9217,Leukemia,Blood,Other
ACH-000007,-0.372550023,0.964462764,LS513,Colon/Colorectal Cancer,Colorectal,Other
ACH-000009,-0.32419357,1.039924585,C2BBE1,Colon/Colorectal Cancer,Colorectal,Other
ACH-000011,-0.81530486,0.829378749,253J,Bladder Cancer,Urinary Tract,Other
ACH-000012,-1.212392428,0.824766769,HCC827,Lung Cancer,Lung,Other
ACH-000013,-1.376740361,0.996621465,ONCODG1,Ovarian Cancer,Ovary,Other
ACH-000014,-1.485997997,1.024860576,HS294T,Skin Cancer,Skin,Other
ACH-000015,-0.240618525,0.844936572,NCIH1581,Lung Cancer,Lung,Other
ACH-000017,-1.401637633,0.855976803,SKBR3,Breast Cancer,Breast,Other
ACH-000018,-0.807552738,0.938173815,T24,Bladder Cancer,Urinary Tract,Other
ACH-000019,-0.939124845,1.247514988,MCF7,Breast Cancer,Breast,Other
ACH-000021,-0.447481964,0.837948604,NCIH1693,Lung Cancer,Lung,Other
ACH-000022,-0.390769529,1.142502498,PATU8988S,Pancreatic Cancer,Pancreas,Other
ACH-000023,-1.229973024,1.196880983,PATU8988T,Pancreatic Cancer,Pancreas,Other
ACH-000024,-0.927708669,0.994924958,OPM2,Myeloma,Plasma Cell,Other
ACH-000025,-1.192698368,1.117387458,CH157MN,Brain Cancer,Central Nervous System,Other
ACH-000028,-1.42599844,1.27277855,KPL1,Breast Cancer,Breast,Other
ACH-000029,-1.09207852,0.859744619,HCC827GR5,Lung Cancer,Lung,Other
ACH-000030,-1.112789529,1.001697998,PC14,Lung Cancer,Lung,Other
ACH-000035,-0.455177189,1.053314092,NCIH1650,Lung Cancer,Lung,Other
ACH-000036,-1.283527085,1.032380417,U343,Brain Cancer,Central Nervous System,Other
ACH-000037,-0.161966943,0.975170413,S117,Sarcoma,Soft Tissue,Other
ACH-000039,-0.780059449,0.598820862,SKNMC,Bone Cancer,Bone,Other
ACH-000040,-1.253160324,0.972394767,U118MG,Brain Cancer,Central Nervous System,Other
ACH-000041,-0.274519653,0.806384001,RDES,Bone Cancer,Bone,Other
ACH-000042,-0.625898525,0.64690823,PANC0203,Pancreatic Cancer,Pancreas,Other
ACH-000045,-0.732258433,0.987878355,MV411,Leukemia,Blood,Other
ACH-000047,-0.852574453,0.817907856,GCIY,Gastric Cancer,Gastric,Other
ACH-000048,-0.704008374,0.891090908,TOV112D,Ovarian Cancer,Ovary,Other
ACH-000052,-0.860748117,1.013080769,A673,Bone Cancer,Bone,Other
ACH-000053,-1.054048781,1.021718048,KARPAS299,Lymphoma,Lymphocyte,Other
ACH-000054,-0.591010524,0.995138718,HT1080,Sarcoma,Soft Tissue,Other
ACH-000055,-1.371163199,1.037560564,D283MED,Brain Cancer,Central Nervous System,Other
ACH-000060,-0.773899135,0.658488345,PANC1005,Pancreatic Cancer,Pancreas,Other
ACH-000067,-0.698288454,0.837812479,HS683,Brain Cancer,Central Nervous System,Other
ACH-000070,-0.901503795,0.984296407,697,Leukemia,Blood,Other
ACH-000074,-1.120905546,0.894302205,KU812,Leukemia,Blood,Other
ACH-000075,-0.997743572,1.050473663,U87MG,Brain Cancer,Central Nervous System,Other
ACH-000076,-0.887141778,0.963965085,NCO2,Leukemia,Blood,Other
ACH-000077,-1.186173161,0.996374567,MJ,Lymphoma,Lymphocyte,Other
ACH-000078,-1.539106007,0.940801229,MHHNB11,Neuroblastoma,Peripheral Nervous System,Other
ACH-000082,-1.319182555,1.546421243,G292CLONEA141B1,Bone Cancer,Bone,Other
ACH-000085,-0.965952943,0.803129132,T3M4,Pancreatic Cancer,Pancreas,Other
ACH-000086,-0.238386784,1.027707052,ACCMESO1,Lung Cancer,Lung,Other
ACH-000087,-0.701180177,0.939328469,SKES1,Bone Cancer,Bone,Other
ACH-000092,-0.033174674,0.644099946,NCIH2452,Lung Cancer,Lung,Other
ACH-000093,-1.115010285,0.92617,PANC0504,Pancreatic Cancer,Pancreas,Other
ACH-000094,-0.860563667,1.186895662,HPAFII,Pancreatic Cancer,Pancreas,Other
ACH-000095,-1.021388876,0.981124123,D341,Brain Cancer,Central Nervous System,Other
ACH-000096,-0.699610575,0.996013024,G401,Rhabdoid,Kidney,Other
ACH-000097,-0.634875247,1.026353893,ZR751,Breast Cancer,Breast,Other
ACH-000098,-0.425456785,1.257092692,GAMG,Brain Cancer,Central Nervous System,Other
ACH-000099,-1.240677358,1.014790043,SIMA,Neuroblastoma,Peripheral Nervous System,Other
ACH-000101,-1.212159448,0.93677466,KE37,Leukemia,Blood,Other
ACH-000103,-1.03584075,0.871042381,CAOV4,Ovarian Cancer,Ovary,Other
ACH-000108,-0.454904847,0.88314494,KP3,Pancreatic Cancer,Pancreas,Other
ACH-000111,-0.901265072,1.20301654,HCC1187,Breast Cancer,Breast,Other
ACH-000113,-1.120584718,1.002861833,OCIAML2,Leukemia,Blood,Other
ACH-000114,-0.91694566,0.733151783,SU8686,Pancreatic Cancer,Pancreas,Other
ACH-000115,-0.908963782,1.122286629,VCAP,Prostate Cancer,Prostate,Other
ACH-000116,-1.090872696,0.97835879,OAW28,Ovarian Cancer,Ovary,Other
ACH-000118,-0.666556355,1.037950892,HUPT3,Pancreatic Cancer,Pancreas,Other
ACH-000120,-0.821295414,0.995948206,CHP212,Neuroblastoma,Peripheral Nervous System,Other
ACH-000123,-0.934601618,1.018549235,COV434,Ovarian Cancer,Ovary,Other
ACH-000124,-1.342487884,0.990491542,OCILY19,Lymphoma,Lymphocyte,Other
ACH-000127,-0.983833672,1.011956135,SLR20,Bladder Cancer,Urinary Tract,Other
ACH-000128,-1.093661265,0.793764481,LN319,Brain Cancer,Central Nervous System,Other
ACH-000132,-0.693871167,1.110242695,JHOS2,Ovarian Cancer,Ovary,Other
ACH-000133,-1.130193296,1.273429267,HS729,Unknown,Soft Tissue,Other
ACH-000137,-1.255522075,1.006546285,8MGBA,Brain Cancer,Central Nervous System,Other
ACH-000138,-1.339232603,0.66646215,CFPAC1,Pancreatic Cancer,Pancreas,Other
ACH-000139,-0.132790461,1.007800977,PANC0327,Pancreatic Cancer,Pancreas,Other
ACH-000141,-1.623700682,1.15867086,SNU308,Gallbladder Cancer,Bile Duct,Other
ACH-000142,-1.571012623,1.007445112,CAL29,Bladder Cancer,Urinary Tract,Other
ACH-000143,-1.041662557,1.019752901,HCC2429,Lung Cancer,Lung,Other
ACH-000144,-0.773472131,2.160108971,RERFGC1B,Gastric Cancer,Gastric,Other
ACH-000145,-0.346240409,1.06832711,SKLMS1,Sarcoma,Soft Tissue,Other
ACH-000146,-0.863235257,0.995598734,THP1,Leukemia,Blood,Other
ACH-000147,-0.587760867,1.120885342,T47D,Breast Cancer,Breast,Other
ACH-000148,-0.854470478,1.13874411,HS578T,Breast Cancer,Breast,Other
ACH-000149,-1.485661595,0.996361101,SKNSH,Neuroblastoma,Peripheral Nervous System,Other
ACH-000150,-0.272691918,0.544981438,HCC2935,Lung Cancer,Lung,Other
ACH-000151,-1.31484524,0.933692968,JM1,Leukemia,Blood,Other
ACH-000152,-0.493426476,1.013343643,M059K,Brain Cancer,Central Nervous System,Other
ACH-000153,-0.20927773,1.00163893,NCIH2052,Lung Cancer,Lung,Other
ACH-000155,-0.925956145,0.869077353,SW1990,Pancreatic Cancer,Pancreas,Other
ACH-000159,0.035868312,0.728261499,OSRC2,Kidney Cancer,Kidney,Hotspot
ACH-000160,-0.355570637,1.005154174,BT12,Rhabdoid,Soft Tissue,Other
ACH-000161,-1.005476608,0.614579461,CORL105,Lung Cancer,Lung,Other
ACH-000163,-1.361488696,1.113830643,SW579,Thyroid Cancer,Thyroid,Other
ACH-000164,0.251641983,0.822563954,PANC1,Pancreatic Cancer,Pancreas,Other
ACH-000167,-0.86948443,0.985739187,KE97,Myeloma,Plasma Cell,Other
ACH-000168,-1.400554422,0.986899525,NOMO1,Leukemia,Blood,Other
ACH-000169,-0.882057267,0.966142359,RD,Sarcoma,Soft Tissue,Other
ACH-000172,-1.210593646,1.027441111,TM87,Rhabdoid,Soft Tissue,Other
ACH-000174,-0.770595986,1.455085236,CAL62,Thyroid Cancer,Thyroid,Other
ACH-000176,-0.648069541,0.988072715,LOUNH91,Lung Cancer,Lung,Other
ACH-000178,-0.538017391,0.887286951,HS766T,Pancreatic Cancer,Pancreas,Other
ACH-000181,-1.165175534,0.999061306,SCC9,Head and Neck Cancer,Upper Aerodigestive,Other
ACH-000182,-0.829097633,0.982494511,SNU869,Bile Duct Cancer,Bile Duct,Other
ACH-000183,-0.415765775,1.085006115,L363,Myeloma,Plasma Cell,Other
ACH-000187,-0.963196272,0.719833634,CORL311,Lung Cancer,Lung,Other
ACH-000188,-1.066292254,0.679657202,SCC25,Head and Neck Cancer,Upper Aerodigestive,Other
ACH-000189,-0.607123844,0.670301652,RCC10RGB,Kidney Cancer,Kidney,Hotspot
ACH-000190,-1.129455113,0.903860477,HDMYZ,Unknown,Unknown,Other
ACH-000191,-1.270587561,1.038931002,BHT101,Thyroid Cancer,Thyroid,Other
ACH-000192,-1.086441045,0.911741585,MFE280,Endometrial/Uterine Cancer,Uterus,Other
ACH-000195,-1.496480355,1.023188917,SET2,Leukemia,Blood,Other
ACH-000198,-0.597699505,0.975517819,EOL1,Leukemia,Blood,Other
ACH-000200,-0.596909813,0.987410415,NMCG1,Brain Cancer,Central Nervous System,Other
ACH-000202,-1.116909849,0.916381656,COLO320,Colon/Colorectal Cancer,Colorectal,Other
ACH-000204,-1.125661952,0.880538642,LP1,Myeloma,Plasma Cell,Other
ACH-000206,-1.654062634,0.990334099,C8166,Lymphoma,Lymphocyte,Other
ACH-000207,-1.057260907,0.799923248,DETROIT562,Head and Neck Cancer,Upper Aerodigestive,Other
ACH-000209,-0.600830077,0.768453908,SNU1079,Bile Duct Cancer,Bile Duct,Other
ACH-000211,-0.484231413,0.834138868,DAOY,Brain Cancer,Central Nervous System,Other
ACH-000212,-0.177680805,1.179487378,CAL120,Breast Cancer,Breast,Other
ACH-000213,-1.213042289,1.155181313,HUPT4,Pancreatic Cancer,Pancreas,Other
ACH-000215,-0.834210306,0.880965401,LN382,Brain Cancer,Central Nervous System,Other
ACH-000216,-1.125718369,0.992071904,JHESOAD1,Esophageal Cancer,Esophagus,Other
ACH-000217,-0.678256536,1.066814945,JHH6,Liver Cancer,Liver,Other
ACH-000219,-1.437935086,1.08158857,A375,Skin Cancer,Skin,Other
ACH-000221,-0.799505923,1.065144465,SNU398,Liver Cancer,Liver,Other
ACH-000222,-0.981651896,0.861543139,ASPC1,Pancreatic Cancer,Pancreas,Other
ACH-000223,-0.160317428,1.197716696,HCC1937,Breast Cancer,Breast,Other
ACH-000226,-1.08428289,1.034992337,SUPM2,Lymphoma,Lymphocyte,Other
ACH-000227,-1.400628034,1.001835666,KPNYN,Neuroblastoma,Peripheral Nervous System,Other
ACH-000228,-1.312669064,2.940515651,BICR31,Head and Neck Cancer,Upper Aerodigestive,Other
ACH-000231,-1.192807662,1.166517064,KALS1,Brain Cancer,Central Nervous System,Other
ACH-000232,-1.255336091,0.983139687,U251MG,Brain Cancer,Central Nervous System,Other
ACH-000233,-1.252804655,0.977510075,DEL,Lymphoma,Lymphocyte,Other
ACH-000234,-1.286824056,0.807256998,CAKI2,Kidney Cancer,Kidney,Hotspot
ACH-000235,-1.223903842,0.822711281,PANC0403,Pancreatic Cancer,Pancreas,Other
ACH-000237,-1.52436834,1.099398038,JHOM1,Ovarian Cancer,Ovary,Other
ACH-000238,-1.241549107,0.788976686,SCC4,Head and Neck Cancer,Upper Aerodigestive,Other
ACH-000243,-0.812723276,0.815961834,DANG,Pancreatic Cancer,Pancreas,Other
ACH-000244,-1.269150259,1.00823688,DKMG,Brain Cancer,Central Nervous System,Other
ACH-000246,0.278293908,0.687921494,SLR23,Kidney Cancer,Kidney,Hotspot
ACH-000247,-0.485796571,0.997818152,OCUM1,Gastric Cancer,Gastric,Other
ACH-000248,-1.33893121,0.961773259,AU565,Breast Cancer,Breast,Other
ACH-000249,-0.616022743,1.004484448,CL11,Colon/Colorectal Cancer,Colorectal,Other
ACH-000250,0.318268971,0.68255594,KMRC20,Kidney Cancer,Kidney,Damaging
ACH-000251,-1.571283893,0.981878757,NCIH2887,Lung Cancer,Lung,Other
ACH-000252,-0.354314658,0.987634452,LS1034,Colon/Colorectal Cancer,Colorectal,Other
ACH-000253,-0.557462173,0.754542236,COLO201,Colon/Colorectal Cancer,Colorectal,Other
ACH-000255,-0.978895741,0.863338104,LMSU,Gastric Cancer,Gastric,Other
ACH-000256,-1.010782719,0.807585732,COV318,Ovarian Cancer,Ovary,Other
ACH-000257,-0.446412998,0.683799217,CORL279,Lung Cancer,Lung,Other
ACH-000258,-1.190682596,1.048893421,DU4475,Breast Cancer,Breast,Other
ACH-000259,-1.362939799,0.969766582,KELLY,Neuroblastoma,Peripheral Nervous System,Other
ACH-000260,-0.733818968,0.612949476,SKNAS,Neuroblastoma,Peripheral Nervous System,Other
ACH-000261,-0.765054536,2.019354329,RERFLCAI,Lung Cancer,Lung,Other
ACH-000262,0.109554284,0.731302554,UOK101,Kidney Cancer,Kidney,Hotspot
ACH-000263,-1.251691767,1.004650471,KASUMI1,Leukemia,Blood,Other
ACH-000264,-0.727769836,1.099784184,CALU6,Lung Cancer,Lung,Other
ACH-000265,-0.382477825,0.988631151,KP4,Pancreatic Cancer,Pancreas,Other
ACH-000266,-1.113720326,0.988666371,SNU213,Pancreatic Cancer,Pancreas,Other
ACH-000269,-0.503249719,1.109203805,AM38,Brain Cancer,Central Nervous System,Other
ACH-000271,-0.777465924,0.99366945,SUDHL10,Lymphoma,Lymphocyte,Other
ACH-000272,0.043653981,0.642015441,SLR24,Kidney Cancer,Kidney,Hotspot
ACH-000273,-1.133318826,0.902670176,SF539,Brain Cancer,Central Nervous System,Other
ACH-000274,-1.157894167,0.98716461,HS852T,Skin Cancer,Skin,Other
ACH-000276,-0.49208328,1.691124982,HCC38,Breast Cancer,Breast,Other
ACH-000277,-1.211959411,1.168069238,HCC1419,Breast Cancer,Breast,Other
ACH-000278,-1.45157455,1.038850414,COV362,Ovarian Cancer,Ovary,Other
ACH-000279,-0.850691889,0.803189753,EWS502,Bone Cancer,Bone,Other
ACH-000280,-1.961002645,1.075671529,SNU840,Ovarian Cancer,Ovary,Other
ACH-000281,-0.885786652,0.968684428,KP2,Pancreatic Cancer,Pancreas,Other
ACH-000282,-1.176817461,0.750531483,NCIH1755,Lung Cancer,Lung,Other
ACH-000286,0.368189356,0.971670232,SNU1033,Colon/Colorectal Cancer,Colorectal,Other
ACH-000288,-1.053330552,1.238334164,BT549,Breast Cancer,Breast,Other
ACH-000290,-0.948293191,0.583541569,NCIH209,Lung Cancer,Lung,Other
ACH-000291,-0.736528209,0.679233907,OV90,Ovarian Cancer,Ovary,Other
ACH-000292,-0.885395429,0.862286623,NCIH841,Lung Cancer,Lung,Other
ACH-000293,-0.642186997,0.843355649,KLE,Endometrial/Uterine Cancer,Uterus,Other
ACH-000294,0.157161347,0.913854674,NB4,Leukemia,Blood,Other
ACH-000295,-0.89671922,1.137114982,EM2,Leukemia,Blood,Other
ACH-000296,-1.587574174,0.893802891,OUMS23,Colon/Colorectal Cancer,Colorectal,Other
ACH-000302,-1.183756214,1.228537345,SNU1077,Endometrial/Uterine Cancer,Uterus,Other
ACH-000303,-0.66859744,1.023509991,SNU5,Gastric Cancer,Gastric,Other
ACH-000304,-1.707498511,1.024804129,WM115,Skin Cancer,Skin,Other
ACH-000305,-1.387007401,0.864407649,ECGI10,Esophageal Cancer,Esophagus,Other
ACH-000307,-1.0571082,0.744317302,PK1,Pancreatic Cancer,Pancreas,Other
ACH-000308,-0.811600505,0.806502187,EFO21,Ovarian Cancer,Ovary,Other
ACH-000310,-1.139208149,0.944044084,IMR32,Neuroblastoma,Peripheral Nervous System,Other
ACH-000311,-1.238557656,0.942748584,NCIH2122,Lung Cancer,Lung,Other
ACH-000312,-0.679184269,0.611415881,SKNBE2,Neuroblastoma,Peripheral Nervous System,Other
ACH-000313,0.139322829,0.606242883,KMRC3,Kidney Cancer,Kidney,Damaging
ACH-000315,-1.191227781,0.982400673,KARPAS422,Lymphoma,Lymphocyte,Other
ACH-000316,-1.42620365,1.016217135,SNU886,Liver Cancer,Liver,Other
ACH-000317,-0.018611435,0.78074853,TUHR14TKB,Kidney Cancer,Kidney,Hotspot
ACH-000318,-1.046272669,0.800945651,TE10,Esophageal Cancer,Esophagus,Other
ACH-000319,-0.251830683,1.203815385,MPP89,Lung Cancer,Lung,Other
ACH-000320,-1.027525066,0.996856432,PSN1,Pancreatic Cancer,Pancreas,Other
ACH-000322,-1.783347724,1.228484033,HT144,Skin Cancer,Skin,Other
ACH-000323,-0.91139591,1.037127268,42MGBA,Brain Cancer,Central Nervous System,Other
ACH-000324,-1.050132072,1.174326974,JHOC5,Ovarian Cancer,Ovary,Other
ACH-000325,-0.558359465,0.953738842,SNU620,Gastric Cancer,Gastric,Other
ACH-000326,-1.439332568,0.990468694,JURLMK1,Leukemia,Blood,Other
ACH-000329,-0.014540193,0.636908271,CCFSTTG1,Brain Cancer,Central Nervous System,Other
ACH-000330,-1.209558559,1.095741608,EFM19,Breast Cancer,Breast,Other
ACH-000331,-0.59629654,1.02573756,ISTMES2,Lung Cancer,Lung,Other
ACH-000332,-0.696433389,0.722385025,YAPC,Pancreatic Cancer,Pancreas,Other
ACH-000334,-1.245516327,0.73679261,DB,Lymphoma,Lymphocyte,Other
ACH-000335,-0.39733866,0.897277306,MSTO211H,Lung Cancer,Lung,Other
ACH-000336,-1.348255622,0.979037541,OCIAML3,Leukemia,Blood,Other
ACH-000337,-1.452269899,0.866995849,NCIH3122,Lung Cancer,Lung,Other
ACH-000339,-1.022880926,0.889869949,HCC461,Lung Cancer,Lung,Other
ACH-000341,-1.149638285,0.892599547,SKNFI,Neuroblastoma,Peripheral Nervous System,Other
ACH-000343,-0.637751619,0.963561615,NCIH522,Lung Cancer,Lung,Other
ACH-000344,-1.180164342,0.825769573,SNU668,Gastric Cancer,Gastric,Other
ACH-000346,-0.959167194,1.14857684,JVM3,Leukemia,Blood,Other
ACH-000348,-1.017063911,1.20959332,RPMI7951,Skin Cancer,Skin,Other
ACH-000350,-0.860728879,0.892883776,COLO678,Colon/Colorectal Cancer,Colorectal,Other
ACH-000352,-1.091203984,0.909002663,HCC1428,Breast Cancer,Breast,Other
ACH-000354,-1.335543048,1.053446742,CAPAN1,Pancreatic Cancer,Pancreas,Other
ACH-000355,-1.085590788,0.863348461,NCIH82,Lung Cancer,Lung,Other
ACH-000356,-0.93667559,1.109111001,MKN45,Gastric Cancer,Gastric,Other
ACH-000359,-0.817696674,0.726840394,MG63,Bone Cancer,Bone,Other
ACH-000361,-0.464930917,0.811799516,SKHEP1,Liver Cancer,Liver,Other
ACH-000362,-0.618320787,0.968345573,MOLM13,Leukemia,Blood,Other
ACH-000363,-0.928454172,1.004729226,SKMM2,Myeloma,Plasma Cell,Other
ACH-000364,-1.184243981,1.04727299,U2OS,Bone Cancer,Bone,Other
ACH-000365,-1.021887639,0.976117017,SUDHL4,Lymphoma,Lymphocyte,Other
ACH-000366,-1.257018216,1.190779035,SKNDZ,Neuroblastoma,Peripheral Nervous System,Other
ACH-000367,-0.998677079,1.030046001,NCIH226,Lung Cancer,Lung,Other
ACH-000368,-0.674800621,1.040533379,SNU1105,Brain Cancer,Central Nervous System,Other
ACH-000370,-1.016313313,1.186802579,SNU626,Brain Cancer,Central Nervous System,Other
ACH-000371,-0.501591238,1.004237706,RL,Lymphoma,Lymphocyte,Other
ACH-000374,0.040339381,0.910848083,HCC1143,Breast Cancer,Breast,Other
ACH-000375,-0.328166466,1.013981095,G402,Kidney Cancer,Kidney,Other
ACH-000376,-0.947719089,1.009104045,SF295,Brain Cancer,Central Nervous System,Other
ACH-000377,-1.031077361,0.863299827,SNU478,Bile Duct Cancer,Bile Duct,Other
ACH-000378,-0.945264901,0.70826298,NCIH647,Lung Cancer,Lung,Other
ACH-000381,-0.8797918,0.786081255,T84,Colon/Colorectal Cancer,Colorectal,Other
ACH-000383,-1.292813491,0.765766256,OE33,Esophageal Cancer,Esophagus,Other
ACH-000385,-0.075754752,0.936305739,SKRC20,Kidney Cancer,Kidney,Hotspot
ACH-000387,0.204905686,0.921672485,TF1,Leukemia,Blood,Other
ACH-000389,-0.912118088,1.002386471,H4,Brain Cancer,Central Nervous System,Other
ACH-000390,-1.270546542,0.684421519,LUDLU1,Lung Cancer,Lung,Other
ACH-000391,-0.830591681,0.557907303,MHHES1,Bone Cancer,Bone,Other
ACH-000393,-0.531116417,0.811163675,HLF,Liver Cancer,Liver,Other
ACH-000395,-0.8652021,1.055416054,NCIH520,Lung Cancer,Lung,Other
ACH-000397,-0.808503851,0.741109086,TEN,Endometrial/Uterine Cancer,Uterus,Other
ACH-000398,-1.024447859,0.98681778,RI1,Lymphoma,Lymphocyte,Other
ACH-000401,-1.391051772,0.78762031,COLO800,Skin Cancer,Skin,Other
ACH-000402,-1.363122311,0.998009375,BL70,Lymphoma,Lymphocyte,Other
ACH-000403,-0.31106636,0.750956254,NCIH747,Colon/Colorectal Cancer,Colorectal,Other
ACH-000404,-1.016132519,0.604703277,K029AX,Skin Cancer,Skin,Other
ACH-000405,-0.454239933,1.008145868,MEC1,Leukemia,Blood,Other
ACH-000406,-1.383714745,1.142180875,U937,Leukemia,Blood,Other
ACH-000407,-0.84487479,0.942139429,SNU685,Endometrial/Uterine Cancer,Uterus,Other
ACH-000408,-1.133705351,0.771276232,TE5,Esophageal Cancer,Esophagus,Other
ACH-000410,-1.22328271,1.19530475,SAOS2,Bone Cancer,Bone,Other
ACH-000411,0.052787061,0.62323712,769P,Kidney Cancer,Kidney,Other non-conserving
ACH-000414,-1.528240765,0.953521191,NCIH1944,Lung Cancer,Lung,Other
ACH-000415,-1.429269174,0.729312063,BICR6,Head and Neck Cancer,Upper Aerodigestive,Other
ACH-000416,-1.033131312,1.314531685,NCIH838,Lung Cancer,Lung,Other
ACH-000417,-0.937484343,1.110126217,PANC0813,Pancreatic Cancer,Pancreas,Other
ACH-000420,-0.680220878,0.92578206,SNU449,Liver Cancer,Liver,Other
ACH-000421,-0.596343594,0.59320751,SW837,Colon/Colorectal Cancer,Colorectal,Other
ACH-000422,-1.444264467,0.751838431,SNU475,Liver Cancer,Liver,Other
ACH-000424,-0.645150582,1.001560843,TC71,Bone Cancer,Bone,Other
ACH-000425,-1.120759188,0.840843689,UACC62,Skin Cancer,Skin,Other
ACH-000426,-1.91005193,1.029640873,KMS20,Myeloma,Plasma Cell,Other
ACH-000427,-0.873989299,1.044701262,NCIN87,Gastric Cancer,Gastric,Other
ACH-000430,-0.628276283,0.876057623,TYKNU,Ovarian Cancer,Ovary,Other
ACH-000431,-0.810639447,0.567423153,NCIH1694,Lung Cancer,Lung,Other
ACH-000433,-1.039365725,0.785959018,CAKI1,Kidney Cancer,Kidney,Other
ACH-000434,-0.968999879,0.986752388,NCIH1915,Lung Cancer,Lung,Other
ACH-000435,-0.928362968,1.149902457,EFE184,Endometrial/Uterine Cancer,Uterus,Other
ACH-000436,-1.070407367,0.992600076,OCIMY7,Myeloma,Plasma Cell,Other
ACH-000437,-0.607450299,0.902616225,SW1088,Brain Cancer,Central Nervous System,Other
ACH-000438,-1.002357251,0.942108739,LU65,Lung Cancer,Lung,Other
ACH-000441,-0.729703612,0.967903671,SH4,Skin Cancer,Skin,Other
ACH-000442,-1.57836312,0.749768411,RERFLCSQ1,Lung Cancer,Lung,Other
ACH-000444,-0.832882456,1.14848078,LU99,Lung Cancer,Lung,Other
ACH-000445,-1.139431199,0.866085996,KNS60,Brain Cancer,Central Nervous System,Other
ACH-000448,-0.693403951,0.791826056,NCIH1666,Lung Cancer,Lung,Other
ACH-000450,-1.576604983,0.974067344,MELHO,Skin Cancer,Skin,Other
ACH-000452,-1.098848826,0.851862513,TE8,Esophageal Cancer,Esophagus,Other
ACH-000454,-1.040060205,0.800146296,HCC95,Lung Cancer,Lung,Other
ACH-000455,-1.083317279,1.149731619,LN428,Brain Cancer,Central Nervous System,Other
ACH-000456,-1.173282255,1.00682557,BCPAP,Thyroid Cancer,Thyroid,Other
ACH-000458,-1.173673339,0.811530593,CJM,Skin Cancer,Skin,Other
ACH-000459,0.179852761,0.64885426,TUHR10TKB,Kidney Cancer,Kidney,Damaging
ACH-000460,-1.138769751,0.985525349,SNU8,Ovarian Cancer,Ovary,Other
ACH-000461,-1.10822169,1.039173818,SNU1196,Bile Duct Cancer,Bile Duct,Other
ACH-000463,-1.091091493,0.865442071,NCIH460,Lung Cancer,Lung,Other
ACH-000464,-1.164346019,1.094133313,CAS1,Brain Cancer,Central Nervous System,Other
ACH-000466,-1.277201328,0.98622985,SNU216,Gastric Cancer,Gastric,Other
ACH-000467,-0.857192794,1.119168413,HCC56,Colon/Colorectal Cancer,Colorectal,Other
ACH-000468,-0.495745436,1.009827244,PK45H,Pancreatic Cancer,Pancreas,Other
ACH-000469,-0.551272117,1.050662967,YH13,Brain Cancer,Central Nervous System,Other
ACH-000470,-0.321374209,1.107873402,SW1463,Colon/Colorectal Cancer,Colorectal,Other
ACH-000471,-1.068956098,0.788750081,LI7,Liver Cancer,Liver,Other
ACH-000472,-0.946436988,0.871927449,HSC2,Head and Neck Cancer,Upper Aerodigestive,Other
ACH-000473,-1.368941999,1.039523993,RT112,Bladder Cancer,Urinary Tract,Other
ACH-000475,-1.03173945,0.961681786,HUH1,Liver Cancer,Liver,Other
ACH-000476,-1.027627659,0.876661753,JHH4,Liver Cancer,Liver,Other
ACH-000477,-1.544571017,1.101864207,MALME3M,Skin Cancer,Skin,Other
ACH-000478,-0.93967382,1.639419794,SNU387,Liver Cancer,Liver,Other
ACH-000480,-1.477630866,1.261801133,HUH7,Liver Cancer,Liver,Other
ACH-000481,-0.570079144,0.819679603,NCIH2170,Lung Cancer,Lung,Other
ACH-000483,-1.273462382,1.347126132,SNU182,Liver Cancer,Liver,Other
ACH-000484,0.324624532,0.973567176,VMRCRCW,Kidney Cancer,Kidney,Hotspot
ACH-000485,-0.889257489,1.473437797,GSU,Gastric Cancer,Gastric,Other
ACH-000486,-1.152737486,0.990380287,KU1919,Bladder Cancer,Urinary Tract,Other
ACH-000487,0.099358401,1.020395661,F36P,Leukemia,Blood,Other
ACH-000488,-1.209600204,1.473518422,TE11,Esophageal Cancer,Esophagus,Other
ACH-000489,-0.371056247,0.797609956,SW1116,Colon/Colorectal Cancer,Colorectal,Other
ACH-000490,-1.106318993,0.880889085,SF767,Cervical Cancer,Cervix,Other
ACH-000491,-0.669064927,0.814686968,NCIH716,Colon/Colorectal Cancer,Colorectal,Other
ACH-000493,-0.925654417,0.982592305,SNU423,Liver Cancer,Liver,Other
ACH-000495,-0.200609204,1.148135007,TUHR4TKB,Kidney Cancer,Kidney,Hotspot
ACH-000496,-1.184126488,1.267680253,NCIH1792,Lung Cancer,Lung,Other
ACH-000498,-1.056895566,0.993137898,KO52,Leukemia,Blood,Other
ACH-000499,-1.242284893,1.207395111,EW8,Bone Cancer,Bone,Other
ACH-000500,-0.975381077,1.653636631,SNU46,Head and Neck Cancer,Upper Aerodigestive,Other
ACH-000501,0.167926563,0.771123026,LS123,Colon/Colorectal Cancer,Colorectal,Other
ACH-000502,-1.033105544,0.690285123,TCCPAN2,Pancreatic Cancer,Pancreas,Other
ACH-000503,-1.133508667,0.869375137,BICR16,Head and Neck Cancer,Upper Aerodigestive,Other
ACH-000504,-0.835394386,1.080756403,SNB75,Brain Cancer,Central Nervous System,Other
ACH-000505,-1.065232259,0.984347345,RKN,Sarcoma,Soft Tissue,Other
ACH-000507,-0.841432449,1.117775095,KE39,Gastric Cancer,Gastric,Other
ACH-000510,-0.263301236,0.995836525,NCIH1299,Lung Cancer,Lung,Other
ACH-000511,-0.803170856,1.33987248,CALU1,Lung Cancer,Lung,Other
ACH-000512,-0.715723183,1.027691767,INA6,Myeloma,Plasma Cell,Other
ACH-000514,-0.243637393,0.762001488,NCIH1092,Lung Cancer,Lung,Other
ACH-000516,0.047942056,1.223924746,CAL78,Bone Cancer,Bone,Other
ACH-000517,-0.202686314,0.836303858,SNU410,Pancreatic Cancer,Pancreas,Other
ACH-000518,-1.075963307,0.580532176,CAL33,Head and Neck Cancer,Upper Aerodigestive,Other
ACH-000520,-0.428527427,0.932610844,59M,Ovarian Cancer,Ovary,Other
ACH-000521,-0.488506872,0.904239488,NCIH2030,Lung Cancer,Lung,Other
ACH-000522,-1.07902603,0.882548094,UMUC3,Bladder Cancer,Urinary Tract,Other
ACH-000524,-1.055054077,0.830615476,KURAMOCHI,Ovarian Cancer,Ovary,Other
ACH-000525,-0.8608227,0.649289031,NCIH2171,Lung Cancer,Lung,Other
ACH-000527,-1.306265871,1.02295476,OVISE,Ovarian Cancer,Ovary,Other
ACH-000528,-0.885418972,0.965758744,ABC1,Lung Cancer,Lung,Other
ACH-000532,-1.074120424,0.824428494,SNU61,Colon/Colorectal Cancer,Colorectal,Other
ACH-000533,-1.451603932,1.018755855,NCIH2004RT,Rhabdoid,Soft Tissue,Other
ACH-000535,-1.05488277,0.852275519,BXPC3,Pancreatic Cancer,Pancreas,Other
ACH-000537,-1.210352697,0.918192125,SNU761,Liver Cancer,Liver,Other
ACH-000541,-0.782967012,0.983782192,KMS34,Myeloma,Plasma Cell,Other
ACH-000542,-1.055384704,1.037875999,HEYA8,Ovarian Cancer,Ovary,Other
ACH-000544,-1.309574501,0.737591598,OE21,Esophageal Cancer,Esophagus,Other
ACH-000545,-1.314040532,0.977103623,VMCUB1,Bladder Cancer,Urinary Tract,Other
ACH-000546,-1.400516954,0.841487403,HSC4,Head and Neck Cancer,Upper Aerodigestive,Other
ACH-000547,-1.544942579,0.708667306,HT1197,Bladder Cancer,Urinary Tract,Other
ACH-000548,-1.00138641,0.870426122,BHY,Head and Neck Cancer,Upper Aerodigestive,Other
ACH-000549,-0.366864053,0.793327444,SNU1076,Head and Neck Cancer,Upper Aerodigestive,Other
ACH-000550,-0.698900103,1.03171767,IGR39,Skin Cancer,Skin,Other
ACH-000551,-0.569813998,1.195269262,K562,Leukemia,Blood,Other
ACH-000552,-0.564166898,0.749245711,HT29,Colon/Colorectal Cancer,Colorectal,Other
ACH-000554,-0.960618145,0.765270911,UACC893,Breast Cancer,Breast,Other
ACH-000556,-1.001011572,0.824841665,SIHA,Cervical Cancer,Cervix,Other
ACH-000557,-0.13526725,1.27008468,AML193,Leukemia,Blood,Other
ACH-000558,-1.294893873,1.074941181,A172,Brain Cancer,Central Nervous System,Other
ACH-000559,-0.463024679,0.769254941,NCIH1836,Lung Cancer,Lung,Other
ACH-000561,-1.194735435,0.948124068,TDOTT,Esophageal Cancer,Esophagus,Other
ACH-000562,-1.439380609,0.80420331,HCC78,Lung Cancer,Lung,Other
ACH-000563,-0.811507144,0.812837533,EBC1,Lung Cancer,Lung,Other
ACH-000565,-0.20740232,0.973233012,RCM1,Colon/Colorectal Cancer,Colorectal,Other
ACH-000567,-0.602770382,0.984120366,ST486,Lymphoma,Lymphocyte,Other
ACH-000570,-1.130442671,1.130975116,YKG1,Brain Cancer,Central Nervous System,Other
ACH-000571,-0.809355114,0.934390249,T98G,Brain Cancer,Central Nervous System,Other
ACH-000573,-1.145169149,1.393214769,MDAMB436,Breast Cancer,Breast,Other
ACH-000576,-1.135608009,0.971742277,KMS27,Myeloma,Plasma Cell,Other
ACH-000577,-0.794556901,0.679535864,JHH2,Liver Cancer,Liver,Other
ACH-000579,-0.926329146,0.724792112,UACC257,Skin Cancer,Skin,Other
ACH-000580,-1.567849612,0.985992667,C32,Skin Cancer,Skin,Other
ACH-000581,-1.076919533,0.940021554,SNU16,Gastric Cancer,Gastric,Other
ACH-000583,-0.368728544,0.987255791,MC116,Lymphoma,Lymphocyte,Other
ACH-000584,-1.061445812,1.378890174,JHOS4,Ovarian Cancer,Ovary,Other
ACH-000585,-0.160527381,0.777006432,EPLC272H,Lung Cancer,Lung,Other
ACH-000587,-1.446250954,1.046047182,NCIH1975,Lung Cancer,Lung,Other
ACH-000588,-1.308816834,1.083009732,KMS26,Myeloma,Plasma Cell,Other
ACH-000589,-1.011951303,0.792310224,NCIH1437,Lung Cancer,Lung,Other
ACH-000591,-1.262812136,0.943531781,LN235,Brain Cancer,Central Nervous System,Other
ACH-000592,-1.110861337,0.79858466,TM31,Brain Cancer,Central Nervous System,Other
ACH-000593,-0.683615075,0.987070958,BC3C,Bladder Cancer,Urinary Tract,Other
ACH-000595,-1.267405923,1.169464452,LN229,Brain Cancer,Central Nervous System,Other
ACH-000596,-1.277371998,1.120299879,LCLC97TM1,Lung Cancer,Lung,Other
ACH-000597,-1.095529983,1.053485606,TTC709,Rhabdoid,Soft Tissue,Other
ACH-000599,-0.999417466,0.991915778,PATU8902,Pancreatic Cancer,Pancreas,Other
ACH-000600,0.161053833,1.179322631,SLR26,Kidney Cancer,Kidney,Other non-conserving
ACH-000601,-1.287334909,0.797625245,MIAPACA2,Pancreatic Cancer,Pancreas,Other
ACH-000602,-1.288638446,1.00086676,M07E,Leukemia,Blood,Other
ACH-000604,-2.041082034,1.012439168,KYO1,Leukemia,Blood,Other
ACH-000605,-1.474097321,0.870689806,TE6,Esophageal Cancer,Esophagus,Other
ACH-000606,-0.928144665,0.604790593,PECAPJ34CLONEC12,Head and Neck Cancer,Upper Aerodigestive,Other
ACH-000607,-0.815381564,1.044309203,KYM1,Rhabdoid,Soft Tissue,Other
ACH-000608,0.066012497,0.880477427,COV644,Ovarian Cancer,Ovary,Other
ACH-000609,-0.788202438,0.992188762,SF126,Brain Cancer,Central Nervous System,Other
ACH-000614,-1.377067084,0.994549336,RVH421,Skin Cancer,Skin,Other
ACH-000616,-0.980788468,0.958246747,HS746T,Gastric Cancer,Gastric,Other
ACH-000618,-1.395508639,0.984092677,SNU1041,Head and Neck Cancer,Upper Aerodigestive,Other
ACH-000619,-1.498942133,1.102761181,PECAPJ15,Head and Neck Cancer,Upper Aerodigestive,Other
ACH-000620,-1.292278991,0.853299299,JHH1,Liver Cancer,Liver,Other
ACH-000621,-0.828601871,1.442539112,MDAMB157,Breast Cancer,Breast,Other
ACH-000622,-1.007914111,0.924384258,KNS42,Brain Cancer,Central Nervous System,Other
ACH-000623,-0.939889701,1.057853922,SNU201,Brain Cancer,Central Nervous System,Other
ACH-000624,-1.2441833,0.960680363,HCC1806,Breast Cancer,Breast,Other
ACH-000627,-0.723654915,0.939364838,LCLC103H,Lung Cancer,Lung,Other
ACH-000630,-1.34298077,1.101691172,YD8,Head and Neck Cancer,Upper Aerodigestive,Other
ACH-000632,-1.095727818,1.24768517,HS944T,Skin Cancer,Skin,Other
ACH-000633,-1.246738845,1.111145273,FU97,Gastric Cancer,Gastric,Other
ACH-000634,-0.472009245,0.95833896,LN340,Brain Cancer,Central Nervous System,Other
ACH-000637,-0.640459499,0.794026028,KYSE520,Esophageal Cancer,Esophagus,Other
ACH-000638,-0.897395584,0.789346605,NCIH441,Lung Cancer,Lung,Other
ACH-000639,-0.993448414,1.040001121,NCIH211,Lung Cancer,Lung,Other
ACH-000645,-0.330979723,0.98806131,JL1,Lung Cancer,Lung,Other
ACH-000646,-1.578651975,0.855750386,OVMANA,Ovarian Cancer,Ovary,Other
ACH-000647,-0.539750638,1.429682648,TE1,Esophageal Cancer,Esophagus,Other
ACH-000648,-1.77759626,1.223870418,NCIH28,Lung Cancer,Lung,Hotspot
ACH-000649,0.131429035,0.867167512,786O,Kidney Cancer,Kidney,Damaging
ACH-000651,-0.381317231,0.938593182,SW620,Colon/Colorectal Cancer,Colorectal,Other
ACH-000652,-1.279835151,0.656015494,SUIT2,Pancreatic Cancer,Pancreas,Other
ACH-000653,-1.289264782,1.073091064,JJN3,Myeloma,Plasma Cell,Other
ACH-000654,-0.384766978,0.986515117,RAJI,Lymphoma,Lymphocyte,Other
ACH-000655,-0.891744851,1.124547445,SF268,Brain Cancer,Central Nervous System,Other
ACH-000656,-1.345371802,0.964771893,SUDHL8,Lymphoma,Lymphocyte,Other
ACH-000657,-0.751859168,1.030958704,A2780,Ovarian Cancer,Ovary,Other
ACH-000658,-0.26138248,0.972713034,KMS18,Myeloma,Plasma Cell,Other
ACH-000660,-0.869281664,0.99635362,SUDHL5,Lymphoma,Lymphocyte,Other
ACH-000661,-1.734184594,1.095616568,WM1799,Skin Cancer,Skin,Other
ACH-000662,-0.61854419,0.825166127,CORL23,Lung Cancer,Lung,Other
ACH-000663,-1.717445792,0.962780352,OVTOKO,Ovarian Cancer,Ovary,Other
ACH-000664,-1.076865975,1.143876076,SUDHL1,Lymphoma,Lymphocyte,Other
ACH-000665,-1.180645713,0.895398998,SKMES1,Lung Cancer,Lung,Other
ACH-000666,-1.180391948,0.983940392,NCIH1355,Lung Cancer,Lung,Other
ACH-000667,-0.74885075,1.032297621,HCC44,Lung Cancer,Lung,Other
ACH-000668,-0.758834763,0.85921767,HCC70,Breast Cancer,Breast,Other
ACH-000671,-1.432793913,1.10361961,HUH6,Liver Cancer,Liver,Other
ACH-000673,-1.398129313,0.998971867,LN443,Brain Cancer,Central Nervous System,Other
ACH-000676,-1.148886554,0.920844682,LN464,Brain Cancer,Central Nervous System,Other
ACH-000677,-0.966125666,0.899928599,SW1573,Lung Cancer,Lung,Other
ACH-000680,-0.942986603,1.062782281,SW948,Colon/Colorectal Cancer,Colorectal,Other
ACH-000681,-1.242421627,1.11700476,A549,Lung Cancer,Lung,Other
ACH-000682,-1.096676901,0.692652411,SNU1066,Head and Neck Cancer,Upper Aerodigestive,Other
ACH-000683,-0.857361608,0.698553581,SNU503,Colon/Colorectal Cancer,Colorectal,Other
ACH-000684,-0.368289305,0.8356002,KMRC1,Kidney Cancer,Kidney,Hotspot
ACH-000685,-1.730492854,0.790957985,L33,Pancreatic Cancer,Pancreas,Other
ACH-000688,-0.945576229,1.416325598,OV7,Ovarian Cancer,Ovary,Other
ACH-000693,-1.026965687,0.921237751,KYSE180,Esophageal Cancer,Esophagus,Other
ACH-000694,-1.051121076,0.71350742,TE9,Esophageal Cancer,Esophagus,Other
ACH-000695,-0.895800024,0.610626601,CORL47,Lung Cancer,Lung,Other
ACH-000696,-0.397288141,1.189192254,OVCAR8,Ovarian Cancer,Ovary,Other
ACH-000697,-0.831613901,1.037688781,A3KAW,Lymphoma,Lymphocyte,Other
ACH-000698,-1.400718859,0.492352301,DMS53,Lung Cancer,Lung,Other
ACH-000699,-0.650298441,1.050020671,HCC1395,Breast Cancer,Breast,Other
ACH-000700,-1.140097381,1.556911973,NCIH2882,Lung Cancer,Lung,Other
ACH-000701,-1.338408209,1.040140332,RMUGS,Ovarian Cancer,Ovary,Other
ACH-000702,-0.133150627,1.093334539,L1236,Lymphoma,Lymphocyte,Other
ACH-000704,-1.020302661,1.195621354,OAW42,Ovarian Cancer,Ovary,Other
ACH-000706,-0.942215179,0.792087969,EKVX,Lung Cancer,Lung,Hotspot
ACH-000709,0.109993122,0.675249617,KMRC2,Kidney Cancer,Kidney,Other
ACH-000711,-0.816850488,1.323887681,JIMT1,Breast Cancer,Breast,Other
ACH-000713,-1.233801155,1.118803655,CAOV3,Ovarian Cancer,Ovary,Other
ACH-000714,-0.727993475,0.756533725,KMS11,Myeloma,Plasma Cell,Other
ACH-000716,-1.155328642,0.94620541,TT2609C02,Thyroid Cancer,Thyroid,Other
ACH-000717,-0.779884723,0.74420244,COLO680N,Esophageal Cancer,Esophagus,Other
ACH-000718,-0.483525154,1.104645391,NCIH2291,Lung Cancer,Lung,Other
ACH-000719,-1.421340028,1.010480796,RMGI,Ovarian Cancer,Ovary,Other
ACH-000720,-1.339484708,0.959057955,TCCSUP,Bladder Cancer,Urinary Tract,Other
ACH-000721,-0.120932973,0.661181015,HMC18,Breast Cancer,Breast,Other
ACH-000722,-1.073632638,0.973425355,SNUC1,Colon/Colorectal Cancer,Colorectal,Other
ACH-000724,-1.601545502,1.013846819,HT1376,Bladder Cancer,Urinary Tract,Other
ACH-000725,-0.537288093,0.906883165,HCC202,Breast Cancer,Breast,Other
ACH-000732,-1.045041533,0.601481101,PECAPJ41CLONED2,Head and Neck Cancer,Upper Aerodigestive,Other
ACH-000734,-1.2795962,0.895097549,JHH5,Liver Cancer,Liver,Other
ACH-000735,-1.127938469,1.003472168,PECAPJ49,Head and Neck Cancer,Upper Aerodigestive,Other
ACH-000736,-1.021105649,0.939636675,SNU601,Gastric Cancer,Gastric,Other
ACH-000738,-0.862884062,1.012784145,GB1,Brain Cancer,Central Nervous System,Other
ACH-000739,-0.752861252,0.955214954,HEPG2,Liver Cancer,Liver,Other
ACH-000740,-0.885808886,0.935084083,A253,Head and Neck Cancer,Upper Aerodigestive,Other
ACH-000741,-0.166520656,0.777045577,UBLC1,Bladder Cancer,Urinary Tract,Other
ACH-000746,-0.606233563,1.075303161,GSS,Gastric Cancer,Gastric,Other
ACH-000747,-0.289581304,1.088058008,NCIH1703,Lung Cancer,Lung,Other
ACH-000748,-1.112781368,0.842149167,SJSA1,Bone Cancer,Bone,Other
ACH-000753,-1.502172476,1.200353164,JMSU1,Bladder Cancer,Urinary Tract,Other
ACH-000754,-0.54981418,1.124856045,L428,Lymphoma,Lymphocyte,Other
ACH-000756,-1.208580646,0.964517856,GI1,Brain Cancer,Central Nervous System,Other
ACH-000757,-0.340752152,1.010210377,A427,Lung Cancer,Lung,Other
ACH-000758,-0.762198601,0.997424802,MKN74,Gastric Cancer,Gastric,Other
ACH-000760,-1.112841241,0.943368577,LNZ308,Brain Cancer,Central Nervous System,Other
ACH-000762,-1.473278983,0.465747833,YD38,Head and Neck Cancer,Upper Aerodigestive,Other
ACH-000763,-1.693853747,1.042785713,MM1S,Myeloma,Plasma Cell,Other
ACH-000764,-1.194612685,1.099703107,SH10TC,Gastric Cancer,Gastric,Other
ACH-000765,-1.414110895,0.879482898,WM983B,Skin Cancer,Skin,Other
ACH-000766,-1.01469018,1.192808728,NCIH1648,Lung Cancer,Lung,Other
ACH-000767,-0.96972131,0.956154211,NCIH526,Lung Cancer,Lung,Other
ACH-000768,-0.550618512,1.082518806,MDAMB231,Breast Cancer,Breast,Other
ACH-000769,-0.822360728,0.871415916,LK2,Lung Cancer,Lung,Other
ACH-000770,-0.696300859,0.995947209,P31FUJ,Leukemia,Blood,Other
ACH-000771,-0.858250889,0.590150043,BICR56,Head and Neck Cancer,Upper Aerodigestive,Other
ACH-000773,-1.151668785,1.075977954,KIJK,Lymphoma,Lymphocyte,Other
ACH-000774,-0.564374668,0.83026755,RERFLCAD2,Lung Cancer,Lung,Other
ACH-000775,-1.442004702,0.788813256,NCIH727,Lung Cancer,Lung,Other
ACH-000776,-1.256289796,0.938579312,ONS76,Brain Cancer,Central Nervous System,Other
ACH-000777,-1.168035575,0.754922695,KYSE30,Esophageal Cancer,Esophagus,Other
ACH-000778,-1.47171367,0.460910864,HSC3,Head and Neck Cancer,Upper Aerodigestive,Other
ACH-000781,-1.474453428,0.822832112,NCIH2023,Lung Cancer,Lung,Other
ACH-000782,-0.922139713,0.991877495,SEM,Leukemia,Blood,Other
ACH-000783,-0.146582357,1.103932946,CAMA1,Breast Cancer,Breast,Damaging
ACH-000784,-0.822457068,0.911817477,KYSE70,Esophageal Cancer,Esophagus,Other
ACH-000785,-0.44728643,0.672784736,NCIH2126,Lung Cancer,Lung,Other
ACH-000787,-1.442431198,1.00825448,LXF289,Lung Cancer,Lung,Other
ACH-000788,-1.177237027,0.964865523,A2058,Skin Cancer,Skin,Other
ACH-000790,-0.671007646,1.00264492,SHP77,Lung Cancer,Lung,Other
ACH-000791,-0.225163066,0.697433937,RERFLCAD1,Lung Cancer,Lung,Other
ACH-000792,-1.510603017,1.088511944,BFTC909,Kidney Cancer,Kidney,Other
ACH-000793,-0.66500751,0.914951747,KATOIII,Gastric Cancer,Gastric,Other
ACH-000794,-0.741268191,0.602506961,BICR22,Head and Neck Cancer,Upper Aerodigestive,Other
ACH-000796,-0.837975072,0.890411885,MCAS,Ovarian Cancer,Ovary,Other
ACH-000799,-0.942645743,0.865245398,HS695T,Skin Cancer,Skin,Other
ACH-000800,-1.803208312,0.739009963,NCIH446,Lung Cancer,Lung,Other
ACH-000801,-0.534042339,1.034302855,HS936T,Skin Cancer,Skin,Other
ACH-000802,-1.269173957,0.777566674,BFTC905,Bladder Cancer,Urinary Tract,Other
ACH-000804,-1.597945002,1.076765046,NB1,Neuroblastoma,Peripheral Nervous System,Other
ACH-000805,-1.035020432,1.009287705,COLO679,Skin Cancer,Skin,Other
ACH-000807,-0.479494294,1.082381585,SNU738,Brain Cancer,Central Nervous System,Other
ACH-000809,-1.221803906,1.274299558,KYSE410,Esophageal Cancer,Esophagus,Other
ACH-000810,-0.968076748,1.012516831,SKMEL30,Skin Cancer,Skin,Other
ACH-000811,-0.840159868,1.101677288,SKOV3,Ovarian Cancer,Ovary,Other
ACH-000814,-1.246289211,0.845438457,HS939T,Skin Cancer,Skin,Other
ACH-000817,-0.842066504,1.006950663,RPMI8226,Myeloma,Plasma Cell,Other
ACH-000819,-0.946521572,1.096894551,LN18,Brain Cancer,Central Nervous System,Other
ACH-000820,-0.936576309,0.788967419,SW403,Colon/Colorectal Cancer,Colorectal,Other
ACH-000821,-0.767677846,0.968669757,EJM,Myeloma,Plasma Cell,Other
ACH-000822,-0.988739103,0.598022641,SKMEL24,Skin Cancer,Skin,Other
ACH-000823,-0.995044062,1.012425552,KYSE140,Esophageal Cancer,Esophagus,Other
ACH-000824,-1.335493841,0.830634298,KYSE510,Esophageal Cancer,Esophagus,Other
ACH-000826,-0.711429109,0.913221833,CAL12T,Lung Cancer,Lung,Other
ACH-000827,-0.985365393,0.96099253,WM793,Skin Cancer,Skin,Other
ACH-000829,-0.615267855,1.043694785,HUNS1,Myeloma,Plasma Cell,Other
ACH-000831,-0.280133858,0.93427393,HEC50B,Endometrial/Uterine Cancer,Uterus,Other
ACH-000832,-0.844397058,0.640295351,CAL27,Head and Neck Cancer,Upper Aerodigestive,Other
ACH-000833,-1.482787337,1.014691552,RH30,Sarcoma,Soft Tissue,Other
ACH-000834,-1.202721267,0.804144341,UMUC1,Bladder Cancer,Urinary Tract,Other
ACH-000835,-0.653677662,1.027756476,GCT,Sarcoma,Soft Tissue,Other
ACH-000836,-0.742254704,0.75953234,YD15,Head and Neck Cancer,Upper Aerodigestive,Other
ACH-000837,-1.446509907,0.927788852,NCIH322,Lung Cancer,Lung,Other
ACH-000838,-0.55370303,1.006858224,AMO1,Myeloma,Plasma Cell,Other
ACH-000839,-0.784358704,1.069297287,SCABER,Bladder Cancer,Urinary Tract,Other
ACH-000840,-0.087825084,0.851948135,HCC366,Lung Cancer,Lung,Other
ACH-000841,-0.928211515,0.831342311,NCIH2087,Lung Cancer,Lung,Other
ACH-000843,-1.226766997,0.788207774,HARA,Lung Cancer,Lung,Other
ACH-000845,-1.149715298,0.8083576,NCIH1373,Lung Cancer,Lung,Other
ACH-000846,-1.333733583,1.037013452,FADU,Head and Neck Cancer,Upper Aerodigestive,Damaging
ACH-000847,-0.938030783,1.040949656,HGC27,Gastric Cancer,Gastric,Other
ACH-000848,-0.726390788,0.98333735,JHH7,Liver Cancer,Liver,Other
ACH-000849,-0.161729148,0.822761263,MDAMB468,Breast Cancer,Breast,Other
ACH-000851,-0.819902189,0.874711145,MORCPR,Lung Cancer,Lung,Other
ACH-000853,-0.188644716,0.911635718,NCIH661,Lung Cancer,Lung,Other
ACH-000854,-0.161186529,1.031230731,OCIMY5,Myeloma,Plasma Cell,Other
ACH-000855,-0.939405011,0.97211334,KYSE150,Esophageal Cancer,Esophagus,Other
ACH-000856,-1.149664022,1.024778703,CAL51,Breast Cancer,Breast,Other
ACH-000858,-1.232451732,0.90242602,KNS62,Lung Cancer,Lung,Other
ACH-000859,-0.793448325,0.989774497,HCC1954,Breast Cancer,Breast,Other
ACH-000860,-1.025975675,0.92845594,NCIH358,Lung Cancer,Lung,Other
ACH-000861,-1.145358966,1.231211679,HOP62,Lung Cancer,Lung,Other
ACH-000862,-1.181790676,1.117460773,KMBC2,Bladder Cancer,Urinary Tract,Other
ACH-000863,-0.896712284,0.863599319,DBTRG05MG,Brain Cancer,Central Nervous System,Other
ACH-000864,-0.627210239,0.971046495,COLO684,Endometrial/Uterine Cancer,Uterus,Other
ACH-000865,-0.467706951,0.971872162,KYSE450,Esophageal Cancer,Esophagus,Other
ACH-000866,-1.18538902,1.033682743,NCIH1048,Lung Cancer,Lung,Other
ACH-000867,-0.774991728,0.974429208,CHAGOK1,Lung Cancer,Lung,Other
ACH-000869,-1.285642808,0.870251271,NCIH1568,Lung Cancer,Lung,Other
ACH-000872,-1.498584537,1.006853703,HCC515,Lung Cancer,Lung,Other
ACH-000873,-1.030132887,0.775680146,KYSE270,Esophageal Cancer,Esophagus,Other
ACH-000876,-1.134815538,0.717410261,MDAMB415,Breast Cancer,Breast,Other
ACH-000878,-0.421416637,1.116035468,HCC15,Lung Cancer,Lung,Other
ACH-000879,-1.611944261,0.97675287,MFE296,Endometrial/Uterine Cancer,Uterus,Other
ACH-000880,-1.210490504,1.016661109,AGS,Gastric Cancer,Gastric,Other
ACH-000881,-1.315853668,1.207015292,MELJUSO,Skin Cancer,Skin,Other
ACH-000882,-0.785406617,0.961673028,IGR1,Skin Cancer,Skin,Other
ACH-000884,-0.136555618,0.852977876,MDAMB435S,Skin Cancer,Skin,Other
ACH-000885,-1.38517727,0.988693654,TOV21G,Ovarian Cancer,Ovary,Other
ACH-000886,-0.855663724,0.942371546,NCIH2009,Lung Cancer,Lung,Other
ACH-000887,-0.941705969,1.057377992,SF172,Brain Cancer,Central Nervous System,Other
ACH-000888,-0.910796152,1.202837243,NCIH1793,Lung Cancer,Lung,Other
ACH-000889,-1.030281036,0.968895704,KMM1,Myeloma,Plasma Cell,Other
ACH-000890,-1.04097167,1.203553969,SW1271,Lung Cancer,Lung,Other
ACH-000894,-0.709737855,1.076779772,NCIH1869,Lung Cancer,Lung,Other
ACH-000896,-1.428555172,1.195120558,647V,Bladder Cancer,Urinary Tract,Other
ACH-000898,-0.444088762,0.943901464,SNU719,Gastric Cancer,Gastric,Other
ACH-000899,-1.310764537,0.907606235,WM88,Skin Cancer,Skin,Other
ACH-000900,-0.420140001,1.00068016,NCIH23,Lung Cancer,Lung,Other
ACH-000901,0.219954064,1.002028424,HCC1359,Lung Cancer,Lung,Other
ACH-000903,-1.340488133,0.972571301,FTC133,Thyroid Cancer,Thyroid,Other
ACH-000905,-0.981057593,2.688240301,5637,Bladder Cancer,Urinary Tract,Other
ACH-000906,-1.068838218,1.030741198,ES2,Ovarian Cancer,Ovary,Other
ACH-000907,0.082249586,0.694287336,SNU349,Kidney Cancer,Kidney,Hotspot
ACH-000910,-1.152980281,1.030188383,MDAMB453,Breast Cancer,Breast,Other
ACH-000911,-1.085024966,0.944213134,NUGC3,Gastric Cancer,Gastric,Other
ACH-000912,0.012328244,0.629867992,NCIH2286,Lung Cancer,Lung,Other
ACH-000913,-1.367419111,1.030292499,ESS1,Endometrial/Uterine Cancer,Uterus,Other
ACH-000914,-0.455187706,1.006295175,HT,Lymphoma,Lymphocyte,Other
ACH-000915,-0.800837129,0.912693377,IPC298,Skin Cancer,Skin,Other
ACH-000916,-1.731820843,0.690050528,NCIH1573,Lung Cancer,Lung,Other
ACH-000917,-0.793173391,0.956905989,TE4,Esophageal Cancer,Esophagus,Other
ACH-000919,-1.010403606,1.050659346,IM95,Gastric Cancer,Gastric,Other
ACH-000921,-1.264014849,1.421747709,NCIH157DM,Lung Cancer,Lung,Other
ACH-000922,-0.912046249,0.979549038,RCHACV,Leukemia,Blood,Other
ACH-000924,-0.922239213,0.939586898,NCIH2172,Lung Cancer,Lung,Other
ACH-000926,-0.79828868,0.981632926,HT55,Colon/Colorectal Cancer,Colorectal,Other
ACH-000928,-1.994421809,1.039386892,JHUEM1,Endometrial/Uterine Cancer,Uterus,Other
ACH-000929,-0.974475155,0.844818226,NCIH2110,Lung Cancer,Lung,Other
ACH-000932,-0.881348378,0.995346529,SNU1,Gastric Cancer,Gastric,Other
ACH-000934,-0.796983726,0.867650561,MDAMB361,Breast Cancer,Breast,Other
ACH-000935,-0.9186384,0.967960856,MDST8,Colon/Colorectal Cancer,Colorectal,Other
ACH-000936,-0.984449964,0.962953224,EFO27,Ovarian Cancer,Ovary,Other
ACH-000937,-0.334082215,0.976615643,PF382,Leukemia,Blood,Other
ACH-000938,-1.146283725,0.998300502,NALM6,Leukemia,Blood,Other
ACH-000939,-1.183320751,1.050514005,SKUT1,Sarcoma,Soft Tissue,Other
ACH-000941,-1.200117568,1.40361442,HEC1B,Endometrial/Uterine Cancer,Uterus,Other
ACH-000943,-0.579292525,1.014439545,RKO,Colon/Colorectal Cancer,Colorectal,Other
ACH-000944,-0.685763119,0.984791517,NAMALWA,Lymphoma,Lymphocyte,Other
ACH-000945,-0.816100058,1.133779136,NCIH650,Lung Cancer,Lung,Other
ACH-000946,-0.851662212,0.992827419,HEC265,Endometrial/Uterine Cancer,Uterus,Other
ACH-000947,-0.346323824,1.029692401,OVK18,Ovarian Cancer,Ovary,Other
ACH-000948,-1.01778224,0.984268714,2313287,Gastric Cancer,Gastric,Other
ACH-000950,-1.014403424,0.969749453,LOVO,Colon/Colorectal Cancer,Colorectal,Other
ACH-000953,-1.229757313,1.012386218,SUPT1,Leukemia,Blood,Other
ACH-000956,-0.834717408,0.985000791,22RV1,Prostate Cancer,Prostate,Other
ACH-000957,-0.580503425,1.048907371,LS180,Colon/Colorectal Cancer,Colorectal,Other
ACH-000958,-0.680820995,1.028721322,SW48,Colon/Colorectal Cancer,Colorectal,Other
ACH-000959,-1.069441322,0.985481793,SNUC4,Colon/Colorectal Cancer,Colorectal,Other
ACH-000960,-0.713162684,0.998125719,REH,Leukemia,Blood,Other
ACH-000961,-1.514476426,1.045900213,ISHIKAWAHERAKLIO02ER,Endometrial/Uterine Cancer,Uterus,Other
ACH-000962,-0.831636689,1.000859756,OC314,Ovarian Cancer,Ovary,Other
ACH-000963,-0.595408149,1.078546766,CCK81,Colon/Colorectal Cancer,Colorectal,Other
ACH-000965,-1.038354797,1.029396013,RL952,Endometrial/Uterine Cancer,Uterus,Other
ACH-000966,-1.157896593,0.93147253,IGROV1,Ovarian Cancer,Ovary,Other
ACH-000968,-0.474677233,1.080249298,COLO792,Skin Cancer,Skin,Other
ACH-000969,-0.452325966,1.052533452,KM12,Colon/Colorectal Cancer,Colorectal,Other
ACH-000970,-0.861603751,0.989108922,SNUC5,Colon/Colorectal Cancer,Colorectal,Other
ACH-000971,-0.587923592,0.994411367,HCT116,Colon/Colorectal Cancer,Colorectal,Other
ACH-000973,-0.527894745,1.215152105,639V,Bladder Cancer,Urinary Tract,Other
ACH-000974,-1.26281233,1.025730436,SNGM,Endometrial/Uterine Cancer,Uterus,Other
ACH-000975,-0.84824539,1.033775335,HCC2450,Lung Cancer,Lung,Other
ACH-000976,-0.698857824,0.950499475,HUCCT1,Bile Duct Cancer,Bile Duct,Other
ACH-000977,-0.684880783,1.021867252,LNCAPCLONEFGC,Prostate Cancer,Prostate,Other
ACH-000978,-0.966542816,1.012013607,EN,Endometrial/Uterine Cancer,Uterus,Other
ACH-000979,-1.001412407,0.847671661,DU145,Prostate Cancer,Prostate,Other
ACH-000980,-0.596839931,0.98569414,NCIH1155,Lung Cancer,Lung,Other
ACH-000983,-0.840903994,0.969812098,KCL22,Leukemia,Blood,Other
ACH-000984,-0.368485883,0.93261751,HEC6,Endometrial/Uterine Cancer,Uterus,Other
ACH-000985,-0.240366383,0.963564538,LS411N,Colon/Colorectal Cancer,Colorectal,Other
ACH-000986,-0.277860626,1.04678482,HT115,Colon/Colorectal Cancer,Colorectal,Other
ACH-000988,-1.391385316,1.032851722,MFE319,Endometrial/Uterine Cancer,Uterus,Other
ACH-000991,-0.453255159,0.98909999,SNU81,Colon/Colorectal Cancer,Colorectal,Other
ACH-000993,-1.436400402,0.99543973,JHUEM7,Endometrial/Uterine Cancer,Uterus,Other non-conserving
ACH-000994,-1.478975585,0.991199506,HEC59,Endometrial/Uterine Cancer,Uterus,Other non-conserving
ACH-000995,-0.854536334,1.007478785,JURKAT,Leukemia,Blood,Other
ACH-000996,-0.627436654,0.993652028,HEC251,Endometrial/Uterine Cancer,Uterus,Other
ACH-000997,-0.711064264,0.996265845,HCT15,Colon/Colorectal Cancer,Colorectal,Other
ACH-001001,-1.028498886,1.113725749,143B,Bone Cancer,Bone,Other
ACH-001016,-1.679661014,0.786683828,BECKER,Brain Cancer,Central Nervous System,Other
ACH-001020,-0.983118573,1.018628233,BT16,Rhabdoid,Soft Tissue,Other
ACH-001028,-0.884225264,1.048896521,CHLA06ATRT,Rhabdoid,Soft Tissue,Other
ACH-001029,-0.768245064,0.914573275,CHLA10,Bone Cancer,Bone,Other
ACH-001031,-0.675936892,1.0433627,CHLA266,Rhabdoid,Soft Tissue,Other
ACH-001033,-0.888295511,0.941563147,CHLA57,Unknown,Central Nervous System,Other
ACH-001036,-0.678617722,1.071349487,CMK115,Leukemia,Blood,Other
ACH-001038,-0.63119009,0.930923714,COGE352,Bone Cancer,Bone,Other
ACH-001039,-0.770139543,0.697213548,COLO205,Colon/Colorectal Cancer,Colorectal,Other
ACH-001041,-1.423290441,1.00516421,CHL1DM,Skin Cancer,Skin,Other
ACH-001048,-1.055931387,1.135580553,COV504,Ovarian Cancer,Ovary,Other
ACH-001050,-1.300123591,1.136887594,CW9019,Sarcoma,Soft Tissue,Other
ACH-001053,-1.016853608,0.906170771,D425,Brain Cancer,Central Nervous System,Other
ACH-001054,-1.046669837,0.8807287,D458,Brain Cancer,Central Nervous System,Other
ACH-001061,-0.892328635,1.024599716,DLD1,Colon/Colorectal Cancer,Colorectal,Other
ACH-001063,-0.586614428,0.959104574,DOV13,Ovarian Cancer,Ovary,Other
ACH-001065,-0.980107924,0.995341545,EVSAT,Breast Cancer,Breast,Other
ACH-001067,-1.329820222,1.013364837,F5,Brain Cancer,Central Nervous System,Other
ACH-001075,-0.922253251,0.992214621,NCIH292,Lung Cancer,Lung,Other
ACH-001081,-0.232077559,0.983156487,HCC2998,Colon/Colorectal Cancer,Colorectal,Other
ACH-001096,-1.24210305,1.006191228,JR,Sarcoma,Soft Tissue,Other
ACH-001098,-0.733353647,1.086067911,KCIMOH1,Pancreatic Cancer,Pancreas,Other
ACH-001099,-0.942018665,1.01216738,KD,Rhabdoid,Soft Tissue,Other
ACH-001107,-0.218605657,0.838560709,KP1N,Pancreatic Cancer,Pancreas,Other
ACH-001126,-1.120329922,0.879028827,MOGGUVW,Brain Cancer,Central Nervous System,Other
ACH-001128,-0.57690972,1.024664291,MON,Rhabdoid,Soft Tissue,Other
ACH-001129,-0.952523716,1.001259549,MONOMAC1,Leukemia,Blood,Other
ACH-001134,-0.820278185,1.018378086,MYLA,Lymphoma,Lymphocyte,Other
ACH-001137,-1.579939268,0.807549725,NCIH1993,Lung Cancer,Lung,Other
ACH-001145,-1.185604884,1.01382259,OC316,Ovarian Cancer,Ovary,Other
ACH-001151,-1.11266902,0.914095414,OVCAR5,Ovarian Cancer,Ovary,Other
ACH-001163,-0.963929707,0.991566296,CCLFPEDS0001T,Kidney Cancer,Kidney,Other
ACH-001164,-1.521003688,1.053740062,CCLFPEDS0003T,Sarcoma,Soft Tissue,Other
ACH-001172,-1.040408895,0.924830936,U251MGDM,Brain Cancer,Central Nervous System,Other
ACH-001183,-1.091553511,1.000501087,RT11284,Bladder Cancer,Urinary Tract,Other
ACH-001184,-1.637530872,0.991475335,SCMCRM2,Sarcoma,Soft Tissue,Other
ACH-001188,-1.523997393,1.017403724,SHSY5Y,Neuroblastoma,Peripheral Nervous System,Other
ACH-001190,-0.803169027,1.195955482,SKMEL2,Skin Cancer,Skin,Other
ACH-001192,-0.742652784,0.899436764,SKNEP1,Bone Cancer,Bone,Other
ACH-001193,-0.888021153,1.100970923,SKPNDW,Bone Cancer,Bone,Other
ACH-001194,0.005344608,0.631078439,SKRC31,Kidney Cancer,Kidney,Hotspot
ACH-001196,-1.576849125,0.814852232,SMSCTR,Sarcoma,Soft Tissue,Other
ACH-001197,-0.559908917,0.999913003,SMZ1,Lymphoma,Lymphocyte,Other
ACH-001205,-0.98472643,0.968032707,TC32,Bone Cancer,Bone,Other
ACH-001211,-0.540999509,1.144237983,TTC549,Rhabdoid,Soft Tissue,Other
ACH-001212,-0.734277402,0.981015082,TTC642,Rhabdoid,Soft Tissue,Other
ACH-001228,-1.22198451,1.238719638,UPCISCC152,Head and Neck Cancer,Upper Aerodigestive,Other
ACH-001229,-0.776338543,0.576570132,UPCISCC154,Head and Neck Cancer,Upper Aerodigestive,Other
ACH-001232,-0.922330545,0.900372809,UW228,Brain Cancer,Central Nervous System,Hotspot
ACH-001233,-0.903368369,0.490188946,VMRCLCD,Lung Cancer,Lung,Other
ACH-001239,-1.333659781,1.08409135,WM2664,Skin Cancer,Skin,Other
ACH-001274,-1.508689776,1.058994979,SW982,Sarcoma,Soft Tissue,Other
ACH-001275,-1.257157826,1.042187337,SYO1,Sarcoma,Soft Tissue,Other
ACH-001277,-1.116193386,0.778078031,YAMATO,Sarcoma,Soft Tissue,Other
ACH-001278,-0.624221964,1.042425013,BIN67,Ovarian Cancer,Ovary,Other
ACH-001279,-0.193511877,1.008508946,SCCOHT1,Ovarian Cancer,Ovary,Other
ACH-001280,-0.792150215,0.903821837,SCS214,Sarcoma,Soft Tissue,Other
ACH-001283,-0.404051498,1.07523328,TC106,Bone Cancer,Bone,Other
ACH-001289,-0.618454704,1.042314916,COGAR359,Rhabdoid,Soft Tissue,Other
ACH-001295,-1.219000595,0.991923236,Y79,Eye Cancer,Eye,Other
ACH-001300,-1.120939174,0.968961735,CHLA15,Neuroblastoma,Peripheral Nervous System,Other
ACH-001301,-1.385213324,1.027558282,COGN278,Neuroblastoma,Peripheral Nervous System,Other
ACH-001302,-1.460615799,1.049926056,COGN305,Neuroblastoma,Peripheral Nervous System,Other
ACH-001303,-1.452198033,0.996021002,NB1643,Neuroblastoma,Peripheral Nervous System,Other
ACH-001306,-0.547845903,1.037530306,8305C,Thyroid Cancer,Thyroid,Other
ACH-001307,-0.238286976,1.169340044,8505C,Thyroid Cancer,Thyroid,Other
ACH-001310,-0.955428509,1.00809961,HA1E,Non-Cancerous,Kidney,Other
ACH-001318,-0.995814242,0.865156545,PLCPRF5,Liver Cancer,Liver,Other
ACH-001322,-0.749682003,1.009278647,CME1,Sarcoma,Soft Tissue,Other
ACH-001328,-1.069043335,0.668734465,A431,Skin Cancer,Skin,Other
ACH-001329,-1.096073088,1.039804397,ANGMCSS,Brain Cancer,Central Nervous System,Other
ACH-001331,-0.978043234,1.015979527,BICR10,Head and Neck Cancer,Upper Aerodigestive,Other
ACH-001332,-1.066247599,0.742404697,BICR78,Head and Neck Cancer,Upper Aerodigestive,Other
ACH-001333,-0.822312363,1.025058412,C33A,Cervical Cancer,Cervix,Other
ACH-001334,-0.477306154,0.994655935,C4I,Cervical Cancer,Cervix,Other
ACH-001335,-0.609386219,1.025462302,C4II,Cervical Cancer,Cervix,Other
ACH-001336,-0.319681113,0.788385424,CASKI,Cervical Cancer,Cervix,Other
ACH-001338,-0.931484328,1.003373435,CHP134,Neuroblastoma,Peripheral Nervous System,Other
ACH-001340,-0.836227443,1.094388493,COV413A,Ovarian Cancer,Ovary,Other
ACH-001341,-0.807489117,1.409990563,DOTC24510,Cervical Cancer,Cervix,Other
ACH-001344,-1.596835996,0.971045515,GIMEN,Neuroblastoma,Peripheral Nervous System,Other
ACH-001345,-0.593719219,1.008334436,GP5D,Colon/Colorectal Cancer,Colorectal,Other
ACH-001346,-1.311454838,0.639225108,H103,Head and Neck Cancer,Upper Aerodigestive,Other
ACH-001347,-1.290338459,0.803817507,H157,Head and Neck Cancer,Upper Aerodigestive,Other
ACH-001353,-0.582888642,1.138155789,JOPACA1,Pancreatic Cancer,Pancreas,Other
ACH-001354,-1.286495199,1.183842094,LAN2,Neuroblastoma,Peripheral Nervous System,Other
ACH-001356,-0.416532884,1.006763781,MB1,Thyroid Cancer,Thyroid,Other
ACH-001360,-0.230032495,0.653165386,MS751,Cervical Cancer,Cervix,Other
ACH-001366,-1.234077921,1.004195082,NGP,Neuroblastoma,Peripheral Nervous System,Other
ACH-001368,-1.227910181,1.036623364,OACM51,Esophageal Cancer,Esophagus,Other
ACH-001370,-1.166222914,1.194685216,OCIP5X,Ovarian Cancer,Ovary,Other
ACH-001374,-0.782894504,1.023480522,PA1,Ovarian Cancer,Ovary,Other
ACH-001375,-1.015092878,0.745800444,PACADD119,Pancreatic Cancer,Pancreas,Other
ACH-001377,-1.145452446,0.966741909,PACADD137,Pancreatic Cancer,Pancreas,Other
ACH-001379,-0.750028838,1.136479242,PACADD161,Pancreatic Cancer,Pancreas,Other
ACH-001380,-0.400056093,0.764960981,PACADD165,Pancreatic Cancer,Pancreas,Other
ACH-001382,-1.290187321,0.887007686,PACADD188,Pancreatic Cancer,Pancreas,Other
ACH-001385,-0.794635631,1.000473078,RPMI2650,Head and Neck Cancer,Upper Aerodigestive,Other
ACH-001386,-0.698202752,0.991247711,SCLC22H,Lung Cancer,Lung,Other
ACH-001388,-0.812955476,0.927231626,SUM102PT,Breast Cancer,Breast,Other
ACH-001389,-0.351171573,1.044514751,SUM1315MO2,Breast Cancer,Breast,Other
ACH-001390,-1.390800782,0.877835822,SUM149PT,Breast Cancer,Breast,Other
ACH-001391,-1.155788267,1.025081299,SUM159PT,Breast Cancer,Breast,Other
ACH-001393,-1.501412137,0.809544776,SUM190PT,Breast Cancer,Breast,Other
ACH-001394,-0.295776807,0.735353547,SUM229PE,Breast Cancer,Breast,Other
ACH-001396,-1.329733881,0.799961129,SUM52PE,Breast Cancer,Breast,Other
ACH-001398,-0.531017791,1.085279429,SW156,Kidney Cancer,Kidney,Hotspot
ACH-001399,-0.445420199,1.32426966,SW626,Colon/Colorectal Cancer,Colorectal,Other
ACH-001400,-1.017872496,0.650715249,SW954,Cervical Cancer,Cervix,Other
ACH-001402,-1.478416408,1.0128588,SW756,Cervical Cancer,Cervix,Other
ACH-001403,-1.39964788,1.057488648,TO14,Ovarian Cancer,Ovary,Other
ACH-001407,-0.550344769,1.052081927,UMUC13,Bladder Cancer,Urinary Tract,Other
ACH-001408,-1.458135278,1.056620751,UMUC14,Bladder Cancer,Urinary Tract,Other
ACH-001409,-1.363493745,0.985382313,UMUC16,Bladder Cancer,Urinary Tract,Other
ACH-001411,-1.036652861,0.810729383,UMUC5,Bladder Cancer,Urinary Tract,Other
ACH-001412,-1.304961767,1.134890913,UMUC10,Bladder Cancer,Urinary Tract,Other
ACH-001413,-0.57289876,1.042349899,UMUC11,Bladder Cancer,Urinary Tract,Other
ACH-001414,-1.133009548,0.986086248,UMUC6,Bladder Cancer,Urinary Tract,Other
ACH-001415,-0.563565952,1.054305092,UMUC7,Bladder Cancer,Urinary Tract,Other
ACH-001416,-1.698478873,1.302126369,UMUC9,Bladder Cancer,Urinary Tract,Other
ACH-001418,-0.342708034,0.710675672,UWB1289,Ovarian Cancer,Ovary,Other
ACH-001419,-1.182588223,1.412577763,VP229,Breast Cancer,Breast,Other
ACH-001421,-0.644381243,0.949820221,WERIRB1,Eye Cancer,Eye,Other
ACH-001422,-1.282799575,1.035119314,WPE1NA22,Prostate Cancer,Prostate,Other
ACH-001430,-1.057521104,0.964158578,TC138,Bone Cancer,Bone,Other
ACH-001431,-0.99548218,1.022705406,TC205,Bone Cancer,Bone,Other
ACH-001433,-0.236956311,1.062778632,CCLFPEDS0008T,Sarcoma,Soft Tissue,Other
ACH-001442,-0.675579966,0.588824124,A388,Skin Cancer,Epidermoid Carcinoma,Other
ACH-001443,-0.037339753,1.20581908,ASH3,Thyroid Cancer,Thyroid,Other
ACH-001450,-1.114375618,0.986662725,BLUE1,Lymphoma,Lymphocyte,Other
ACH-001451,-0.470226946,0.708013566,BOKU,Cervical Cancer,Cervix,Other
ACH-001453,-0.856570816,0.714448976,BPH1,Prostate Cancer,Prostate,Other
ACH-001454,-0.595390113,0.944784798,C10,Colon/Colorectal Cancer,Colorectal,Other
ACH-001458,-0.411146634,1.031791748,C75,Colon/Colorectal Cancer,Colorectal,Other
ACH-001459,-1.200649964,1.119375648,C80,Colon/Colorectal Cancer,Colorectal,Other
ACH-001460,-0.920353971,1.042465658,C84,Colon/Colorectal Cancer,Colorectal,Other
ACH-001461,-0.424412456,1.218768699,C99,Colon/Colorectal Cancer,Colorectal,Other
ACH-001484,-1.241206231,1.098451722,CI,Leukemia,Blood,Other
ACH-001485,-1.012619159,1.015850123,CII,Leukemia,Blood,Other
ACH-001494,-1.044542907,0.906119001,EGI1,Bile Duct Cancer,Bile Duct,Other
ACH-001495,-0.583254798,1.061879663,EMTOKA,Endometrial/Uterine Cancer,Uterus,Other
ACH-001496,-0.594295124,0.668803834,ESO26,Esophageal Cancer,Esophagus,Other
ACH-001497,-1.950278427,1.063549289,ESO51,Esophageal Cancer,Esophagus,Other
ACH-001498,-0.966971734,1.018775101,FARAGE,Lymphoma,Lymphocyte,Other
ACH-001500,-0.461722588,0.987308321,FLO1,Esophageal Cancer,Esophagus,Other
ACH-001509,-1.141293108,0.832316831,H357,Head and Neck Cancer,Upper Aerodigestive,Other
ACH-001510,-0.319669505,0.709467561,H376,Head and Neck Cancer,Upper Aerodigestive,Other
ACH-001511,-0.845498298,0.647027847,H413,Head and Neck Cancer,Upper Aerodigestive,Other
ACH-001513,-0.770340973,0.861697824,HCA1,Cervical Cancer,Cervix,Other
ACH-001515,-1.321723691,0.863689406,HCS2,Cervical Cancer,Cervix,Other
ACH-001517,-0.554831812,1.098265189,HEC1,Endometrial/Uterine Cancer,Uterus,Other
ACH-001518,-1.16081215,1.008293703,HEC116,Endometrial/Uterine Cancer,Uterus,Other
ACH-001520,-0.630205874,1.019732629,HG3,Leukemia,Blood,Other
ACH-001521,-1.207045833,0.393628349,HKA1,Skin Cancer,Skin,Other
ACH-001522,-0.693792138,0.758934514,HMY1,Skin Cancer,Skin,Other
ACH-001523,-1.402767397,1.271481253,HSC1,Skin Cancer,Skin,Other
ACH-001524,-1.390299168,0.759413646,HSC5,Skin Cancer,Skin,Other
ACH-001525,-1.056027744,0.75075054,HT3,Cervical Cancer,Cervix,Other
ACH-001526,-0.93401029,0.983865739,HUO9,Bone Cancer,Bone,Other
ACH-001528,-1.04116679,1.013866,IHH4,Thyroid Cancer,Thyroid,Other
ACH-001529,-1.358814713,0.98233993,JAR,Endometrial/Uterine Cancer,Uterus,Other
ACH-001530,-1.178221852,0.768217313,JEG3,Endometrial/Uterine Cancer,Uterus,Other
ACH-001532,-0.335839685,1.031415774,JMURTK2,Rhabdoid,Kidney,Other
ACH-001533,-1.057643772,1.011106928,KARPAS1718,Lymphoma,Lymphocyte,Other
ACH-001536,-1.406718217,1.081738385,KKU100,Bile Duct Cancer,Bile Duct,Other
ACH-001538,-1.183501392,1.081097023,KKU213,Bile Duct Cancer,Bile Duct,Other
ACH-001539,-0.73332607,1.025356487,KML1,Lymphoma,Lymphocyte,Other
ACH-001542,-0.822019563,0.790514937,KON,Head and Neck Cancer,Upper Aerodigestive,Other
ACH-001543,-0.970829044,0.773960647,KOSC2,Head and Neck Cancer,Upper Aerodigestive,Other
ACH-001544,-1.148517849,0.950134237,KYAE1,Esophageal Cancer,Esophagus,Other
ACH-001547,-1.203216849,1.062634762,LO68,Lung Cancer,Lung,Other
ACH-001548,-0.795629499,0.99334293,LS,Neuroblastoma,Peripheral Nervous System,Other
ACH-001549,-0.293710739,0.519276479,LU135,Lung Cancer,Lung,Other
ACH-001550,-0.747243039,1.005637974,MCC13,Skin Cancer,Skin,Other
ACH-001551,-0.839933093,1.044608004,MCC142,Skin Cancer,Skin,Other
ACH-001552,-0.091262248,0.873739978,MCC26,Skin Cancer,Skin,Other
ACH-001554,-1.346377633,0.96234413,MEL202,Eye Cancer,Eye,Other
ACH-001555,-0.231774519,0.72313335,MERO14,Lung Cancer,Lung,Other
ACH-001556,-0.29214908,1.090117361,MERO25,Lung Cancer,Lung,Other
ACH-001557,-1.089534828,1.215496546,MERO41,Lung Cancer,Lung,Other
ACH-001558,0.052448325,0.998446837,MERO48A,Lung Cancer,Lung,Other
ACH-001559,-1.027204542,1.015329588,MERO82,Lung Cancer,Lung,Other
ACH-001560,-0.200536258,1.131747451,MERO83,Lung Cancer,Lung,Other
ACH-001562,-0.836336962,0.964033804,MERO95,Lung Cancer,Lung,Other
ACH-001563,-0.117291747,0.988268589,MM127,Skin Cancer,Skin,Other
ACH-001566,-1.037827362,0.995815087,MM370,Skin Cancer,Skin,Other
ACH-001567,-1.160874826,0.881694528,MM383,Skin Cancer,Skin,Other
ACH-001568,-1.014912506,1.032396772,MM386,Skin Cancer,Skin,Other
ACH-001570,-1.468148749,0.986877231,MM426,Skin Cancer,Skin,Other
ACH-001577,-0.174003816,0.936211689,MUTZ8,Leukemia,Blood,Other
ACH-001603,-1.301508782,1.006080761,NH12,Neuroblastoma,Peripheral Nervous System,Other
ACH-001605,-1.33015385,1.093006746,NO10,Brain Cancer,Central Nervous System,Other
ACH-001606,-1.272924741,1.16331821,NO11,Brain Cancer,Central Nervous System,Other
ACH-001607,-0.744735544,1.055075731,NOZ,Gallbladder Cancer,Bile Duct,Other
ACH-001608,-1.370057303,1.057138003,NP2,Brain Cancer,Central Nervous System,Other
ACH-001609,-0.764174614,1.002307342,NP3,Brain Cancer,Central Nervous System,Other
ACH-001610,-1.54223314,1.399888346,NP5,Brain Cancer,Central Nervous System,Other
ACH-001611,-1.21328604,1.420203287,NP8,Brain Cancer,Central Nervous System,Other
ACH-001616,-1.320558615,1.014826915,OCILY18,Lymphoma,Lymphocyte,Other
ACH-001618,-0.287528471,0.953771734,OCIM2,Leukemia,Blood,Other
ACH-001619,-1.763494175,0.756564332,OCUG1,Gallbladder Cancer,Bile Duct,Other
ACH-001622,-1.068547667,1.514448508,ONDA7,Brain Cancer,Central Nervous System,Other
ACH-001623,-0.554100292,1.064630826,ONDA8,Brain Cancer,Central Nervous System,Other
ACH-001624,-1.310255355,0.867868878,ONDA9,Brain Cancer,Central Nervous System,Other
ACH-001625,-0.936522712,1.068908935,OSC19,Head and Neck Cancer,Upper Aerodigestive,Other
ACH-001626,-1.541333237,0.771330481,OSC20,Head and Neck Cancer,Upper Aerodigestive,Other
ACH-001627,-1.0796154,1.007452651,P4E6,Prostate Cancer,Prostate,Other
ACH-001628,-1.13986459,0.841475029,PEA1,Ovarian Cancer,Ovary,Other
ACH-001630,-0.849095251,1.272797893,PEO1,Ovarian Cancer,Ovary,Other
ACH-001632,-0.620006734,1.087774164,PEO4,Ovarian Cancer,Ovary,Other
ACH-001634,-0.584030878,0.997937976,PGA1,Leukemia,Blood,Other
ACH-001639,-1.297128765,0.819187334,ROS50,Leukemia,Blood,Other
ACH-001641,-1.023627031,0.735285664,SAT,Head and Neck Cancer,Upper Aerodigestive,Other
ACH-001645,-1.10566952,1.034960082,SEKI,Skin Cancer,Skin,Other
ACH-001647,-1.067775333,1.023790986,SHI1,Leukemia,Blood,Other
ACH-001648,-1.015603733,0.593829446,SHMAC4,Prostate Cancer,Prostate,Other
ACH-001649,-0.619271415,0.603891217,SHMAC5,Prostate Cancer,Prostate,Other
ACH-001650,-0.281039179,0.845799489,SISO,Cervical Cancer,Cervix,Other
ACH-001651,-0.167615108,0.696398006,SKGI,Endometrial/Uterine Cancer,Uterus,Other
ACH-001652,-0.862049814,0.93144399,SKGII,Endometrial/Uterine Cancer,Uterus,Other
ACH-001653,-1.040563709,0.694791699,SKGT2,Gastric Cancer,Gastric,Other
ACH-001654,-1.403988884,0.847631229,SKGT4,Esophageal Cancer,Esophagus,Other
ACH-001655,-0.969951872,1.092730005,SKN,Endometrial/Uterine Cancer,Uterus,Other
ACH-001656,-0.899773387,1.026203222,SKNO1,Leukemia,Blood,Other
ACH-001664,-0.307204554,0.985950087,SNU638,Gastric Cancer,Gastric,Other
ACH-001668,-1.180635752,0.988593948,SUSA,Teratoma,Embryo,Other
ACH-001669,-0.840239902,0.60685693,TANOUE,Leukemia,Blood,Other
ACH-001670,-1.199892296,1.283349185,TASK1,Brain Cancer,Peripheral Nervous System,Other
ACH-001673,-1.1875928,1.225917073,TFK1,Bile Duct Cancer,Bile Duct,Other
ACH-001674,-1.24608152,0.972203547,TGW,Neuroblastoma,Peripheral Nervous System,Other
ACH-001675,-1.466619663,0.819657498,TR146,Head and Neck Cancer,Upper Aerodigestive,Other
ACH-001677,-1.181115482,1.037620055,U2904,Lymphoma,Lymphocyte,Other
ACH-001685,-0.25640685,0.9792637,UHO1,Lymphoma,Lymphocyte,Other
ACH-001687,0.067733546,0.888830947,UMRC3,Kidney Cancer,Kidney,Hotspot
ACH-001688,0.214575146,0.831147858,UMRC7,Kidney Cancer,Kidney,Other
ACH-001690,-0.719912531,0.694501273,UPCISCC026,Head and Neck Cancer,Upper Aerodigestive,Other
ACH-001692,-0.941361182,0.642427529,UPCISCC040,Head and Neck Cancer,Upper Aerodigestive,Other
ACH-001694,-1.171237586,1.318263703,UPCISCC074,Head and Neck Cancer,Upper Aerodigestive,Other
ACH-001696,-1.246993661,0.798869506,UPCISCC111,Head and Neck Cancer,Upper Aerodigestive,Other
ACH-001698,-1.406063606,0.76232077,UPCISCC116,Head and Neck Cancer,Upper Aerodigestive,Other
ACH-001699,-1.154052234,0.708347555,UPCISCC131,Head and Neck Cancer,Upper Aerodigestive,Other
ACH-001701,-1.459899562,0.665874873,UPCISCC200,Head and Neck Cancer,Upper Aerodigestive,Other
ACH-001702,-1.210277813,0.78693311,VAESBJ,Sarcoma,Soft Tissue,Other
ACH-001707,-1.06906794,1.015835465,WAOSEL,Leukemia,Blood,Other
ACH-001709,-1.192328769,1.015253797,WSUNHL,Lymphoma,Lymphocyte,Other
ACH-001711,-2.011060492,0.854920712,PFSK1,Brain Cancer,Central Nervous System,Other
ACH-001715,-0.94562881,1.273398778,CAL72,Bone Cancer,Bone,Other
ACH-001719,-0.827199201,0.734804627,OCIC4P,Ovarian Cancer,Ovary,Other
ACH-001735,-0.904814388,1.017621318,SEMK2,Leukemia,Blood,Other
ACH-001736,-1.229936283,1.01118704,HB1119,Leukemia,Blood,Other
ACH-001737,-1.370499389,1.026429235,CTV1DM,Leukemia,Blood,Other
ACH-001740,-1.441929913,0.87519725,RH28,Sarcoma,Soft Tissue,Other
ACH-001745,-1.276319798,0.844818226,RHJT,Sarcoma,Soft Tissue,Other
ACH-001750,-0.242658319,0.968196953,TTC442,Sarcoma,Soft Tissue,Other
ACH-001765,-1.191418315,1.57374575,RH4,Sarcoma,Soft Tissue,Other
ACH-001786,-1.185546151,1.031557775,SNU1544,Colon/Colorectal Cancer,Colorectal,Other
ACH-001791,-1.566107791,0.742062436,LPS6,Liposarcoma,Soft Tissue,Other
ACH-001793,-0.421858203,0.894452823,LPS27,Liposarcoma,Soft Tissue,Other
ACH-001794,-0.936697126,0.629190117,93T449,Liposarcoma,Soft Tissue,Other
ACH-001795,-0.746275298,0.86348807,94T778,Liposarcoma,Soft Tissue,Other
ACH-001796,-0.835131736,1.138506684,95T1000,Liposarcoma,Soft Tissue,Other
ACH-001799,-0.323247721,1.297082954,LPS141,Liposarcoma,Soft Tissue,Other
ACH-001802,-0.875489482,0.879879151,LPS853,Liposarcoma,Soft Tissue,Other
ACH-001804,-1.277724271,1.12807585,LPS510,Liposarcoma,Soft Tissue,Other
ACH-001814,-1.221254029,0.966319072,OS252,Bone Cancer,Bone,Other
ACH-001819,-0.788625854,1.533350064,MFM223,Breast Cancer,Breast,Other
ACH-001820,-0.696165733,0.953967171,COLO824,Breast Cancer,Breast,Other
ACH-001834,-0.747975594,0.782550979,ICC10,Bile Duct Cancer,Bile Duct,Other
ACH-001835,-1.355555309,0.744158514,ICC106,Bile Duct Cancer,Bile Duct,Other
ACH-001836,-0.912889714,0.789362618,ICC108,Bile Duct Cancer,Bile Duct,Other
ACH-001838,-0.216014821,0.843183912,ICC12,Bile Duct Cancer,Bile Duct,Other
ACH-001839,-0.56108069,0.924059756,ICC137,Bile Duct Cancer,Bile Duct,Other
ACH-001841,-0.814834798,0.824825118,ICC15,Bile Duct Cancer,Bile Duct,Other
ACH-001842,-1.610135734,0.832335681,ICC2,Bile Duct Cancer,Bile Duct,Other
ACH-001843,-0.337099348,0.919622356,ICC3,Bile Duct Cancer,Bile Duct,Other
ACH-001844,-0.740969643,0.617399912,ICC4,Bile Duct Cancer,Bile Duct,Other
ACH-001848,-0.015973368,0.751256991,ICC8,Bile Duct Cancer,Bile Duct,Other
ACH-001849,-1.078212031,0.973423392,ICC9,Bile Duct Cancer,Bile Duct,Other
ACH-001850,-0.223210119,0.986017423,G415,Gallbladder Cancer,Bile Duct,Other
ACH-001852,-1.100404423,0.684770625,HKGZCC,Bile Duct Cancer,Bile Duct,Other
ACH-001853,-1.284842289,1.17666806,KMCH1,Bile Duct Cancer,Bile Duct,Other
ACH-001856,-0.98284182,0.856336208,RBE,Bile Duct Cancer,Bile Duct,Other
ACH-001857,-1.302070304,0.996851443,SG231,Bile Duct Cancer,Bile Duct,Other
ACH-001858,-0.949536808,0.848829249,SSP25,Bile Duct Cancer,Bile Duct,Other
ACH-001861,-1.024882467,0.845494334,TGBC1TKB,Gallbladder Cancer,Bile Duct,Other
ACH-001862,-0.875511829,1.027976608,TGBC52TKB,Bile Duct Cancer,Bile Duct,Other
ACH-001863,-0.128633018,0.725984327,TKKK,Bile Duct Cancer,Bile Duct,Other
ACH-001864,-1.359609902,0.741013883,YSCCC,Bile Duct Cancer,Bile Duct,Other
ACH-001955,-0.052036055,1.118252733,JHC7,Bone Cancer,Bone,Other
ACH-001956,-0.991524525,0.913080655,MUGCHOR1,Bone Cancer,Bone,Other
ACH-001957,-0.629521669,0.635373646,UMCHOR1,Bone Cancer,Bone,Other
ACH-001959,0.021762803,1.000843747,CCLP1,Bile Duct Cancer,Bile Duct,Other
ACH-001960,-1.168460849,0.727753887,CCSW1,Bile Duct Cancer,Bile Duct,Other
ACH-001961,-0.64196422,0.957907067,GB2,Gallbladder Cancer,Bile Duct,Other
ACH-001970,-1.825479796,0.828671537,MM253,Skin Cancer,Skin,Other
ACH-001973,-0.963147561,0.588511529,MM485,Skin Cancer,Skin,Other
ACH-001977,-0.991521172,1.026585529,NO36,Lung Cancer,Lung,Other
ACH-001982,-0.75581035,0.67841382,NZM3,Skin Cancer,Skin,Other
ACH-001991,-1.234204987,0.991607553,NZOV9,Ovarian Cancer,Ovary,Other
ACH-001992,-0.587123494,0.808973774,ONE58,Lung Cancer,Lung,Other
ACH-001993,0.054520353,1.007829631,NALM16,Leukemia,Blood,Other
ACH-001997,-0.939578113,0.938543922,ECC2,Bile Duct Cancer,Bile Duct,Other
ACH-001999,-0.949518594,0.977174473,9505BIK,Pancreatic Cancer,Pancreas,Other
ACH-002001,-1.439563769,1.026494907,A375SKINCJ1,Skin Cancer,Skin,Other
ACH-002002,-1.206235366,1.029680667,A375SKINCJ2,Skin Cancer,Skin,Other
ACH-002003,-0.894052431,1.054013739,A375SKINCJ3,Skin Cancer,Skin,Other
ACH-002004,-0.773346518,0.794157249,UACC62SKINCJ1,Skin Cancer,Skin,Other
ACH-002005,-0.27259305,1.025985895,SKMEL19,Skin Cancer,Skin,Other
ACH-002014,-1.855415218,1.009740663,MEL270,Eye Cancer,Eye,Other
ACH-002015,-0.908113856,0.720333451,MEL285,Eye Cancer,Eye,Other
ACH-002016,-0.902799554,1.024030357,MEL290,Eye Cancer,Eye,Other
ACH-002017,-0.93323358,1.12648497,OMM1,Eye Cancer,Eye,Other
ACH-002018,-1.011364171,0.96055153,OMM25,Eye Cancer,Eye,Other
ACH-002019,-1.114522028,0.995107823,HOKUG,Cervical Cancer,Cervix,Other
ACH-002021,-1.295995802,0.921133928,T3M3,Endometrial/Uterine Cancer,Uterus,Other
ACH-002023,-0.929445601,0.77095494,TGBC18TKB,Colon/Colorectal Cancer,Colorectal,Other
ACH-002024,-1.203929814,0.813697627,ECC4,Colon/Colorectal Cancer,Colorectal,Other
ACH-002025,-1.119829081,0.716993467,TT1TKB,Colon/Colorectal Cancer,Colorectal,Other
ACH-002026,-0.713167174,1.003490713,HHUA,Endometrial/Uterine Cancer,Uterus,Other
ACH-002027,-0.74483415,1.03151027,HOUAI,Endometrial/Uterine Cancer,Uterus,Other
ACH-002029,-1.279134553,1.069962206,SAS,Head and Neck Cancer,Upper Aerodigestive,Other
ACH-002039,-1.367761263,1.314419275,PK8,Pancreatic Cancer,Pancreas,Other
ACH-002041,-1.057070415,0.865567038,HOTHC,Thyroid Cancer,Thyroid,Other
ACH-002042,-0.860949859,0.92796342,T3M5,Thyroid Cancer,Thyroid,Other
ACH-002043,-1.237267635,0.862778938,CA922,Head and Neck Cancer,Upper Aerodigestive,Other
ACH-002044,-1.350083911,0.807266425,HSQ89,Head and Neck Cancer,Upper Aerodigestive,Other
ACH-002045,-1.277917733,0.856521101,HO1U1,Head and Neck Cancer,Upper Aerodigestive,Other
ACH-002046,-0.178156642,1.175216019,HTMMT,Endometrial/Uterine Cancer,Uterus,Other
ACH-002048,-1.007155453,0.880402055,RMSYM,Sarcoma,Soft Tissue,Other
ACH-002055,-0.941712989,0.999261689,TL1,Lymphoma,Lymphocyte,Other
ACH-002059,-1.103643486,1.016230786,P30OHK,Leukemia,Blood,Other
ACH-002061,-0.947032359,1.289177083,P2URK562,Leukemia,Blood,Other
ACH-002062,-0.980878985,0.906368074,SLVL,Lymphoma,Lymphocyte,Other
ACH-002066,-1.019416837,0.967608496,HSSCH2,Sarcoma,Central Nervous System,Other
ACH-002067,-1.004410883,1.634791075,NOS1,Bone Cancer,Bone,Other
ACH-002069,-1.17232977,1.02137453,HSOS1,Bone Cancer,Bone,Other
ACH-002080,-1.293999932,0.744067846,TN2,Neuroblastoma,Peripheral Nervous System,Other
ACH-002083,-0.612337776,0.787275392,NB69,Neuroblastoma,Peripheral Nervous System,Other
ACH-002084,-0.132536591,0.674950648,MMAC,Skin Cancer,Skin,Other
ACH-002105,-0.928269615,0.945533616,ES4,Bone Cancer,Bone,Other
ACH-002106,-1.036242218,0.948342775,ES5,Bone Cancer,Bone,Other
ACH-002109,-0.221886609,0.964442287,ES8,Bone Cancer,Bone,Other
ACH-002110,-0.474018976,0.965352796,EW1,Bone Cancer,Bone,Other
ACH-002114,-0.746383759,0.998477304,EW16,Bone Cancer,Bone,Other
ACH-002116,-0.411972751,0.875393749,EW22,Bone Cancer,Bone,Other
ACH-002119,-0.379230685,0.921599783,EW7,Bone Cancer,Bone,Other
ACH-002140,-0.718381762,1.025432287,HEY,Ovarian Cancer,Ovary,Other
ACH-002141,-0.890903496,0.730916921,HSC39,Gastric Cancer,Gastric,Other
ACH-002143,-0.975276765,0.951472158,ISTMEL1,Skin Cancer,Skin,Other
ACH-002150,-1.307746629,0.857701431,LB1047RCC,Kidney Cancer,Kidney,Other
ACH-002156,-0.900472161,0.701897397,LC1SQ,Lung Cancer,Lung,Other
ACH-002160,-0.624464383,1.020940807,MCIXC,Bone Cancer,Bone,Other
ACH-002161,-0.837749315,0.940446774,MKN28,Gastric Cancer,Gastric,Other
ACH-002179,-0.807265109,1.167843929,OCUBM,Breast Cancer,Breast,Other
ACH-002181,-1.361777727,1.10603104,OVCA420,Ovarian Cancer,Ovary,Other
ACH-002183,-0.977660571,0.978004768,OVMIU,Ovarian Cancer,Ovary,Other
ACH-002186,-0.936275412,1.13562959,PL4,Pancreatic Cancer,Pancreas,Other
ACH-002189,-0.339731493,0.601738543,RCCFG2,Kidney Cancer,Kidney,Hotspot
ACH-002198,-0.227882003,1.290697807,SCH,Gastric Cancer,Gastric,Other
ACH-002202,-1.512176514,0.90614885,TMK1,Gastric Cancer,Gastric,Other
ACH-002210,-0.318570764,0.9990698,ARH77,Non-Cancerous,Blood,Other
ACH-002212,-0.511440807,0.577889133,BB30HNC,Head and Neck Cancer,Upper Aerodigestive,Other
ACH-002217,-0.971083722,0.770296514,BE2M17,Neuroblastoma,Peripheral Nervous System,Other
ACH-002228,-1.122315571,1.072622575,D423MG,Brain Cancer,Central Nervous System,Other
ACH-002229,-1.08818585,0.846143328,D502MG,Brain Cancer,Central Nervous System,Other
ACH-002230,-1.30573999,0.981283011,D542MG,Brain Cancer,Central Nervous System,Other
ACH-002233,-1.252765301,1.073796417,DIFI,Colon/Colorectal Cancer,Colorectal,Other
ACH-002234,-0.692937524,0.632837395,DOK,Head and Neck Cancer,Upper Aerodigestive,Other
ACH-002239,-0.498321044,1.296055447,H3118,Head and Neck Cancer,Upper Aerodigestive,Other
ACH-002243,-1.466717631,0.840003035,HCE4,Esophageal Cancer,Esophagus,Other
ACH-002247,-0.213440798,1.008696051,IM9,Non-Cancerous,Blood,Other
ACH-002249,-1.469036344,0.665792066,JHU011,Head and Neck Cancer,Upper Aerodigestive,Other
ACH-002250,-0.838745369,0.711275264,JHU022,Head and Neck Cancer,Upper Aerodigestive,Other
ACH-002251,-1.098419358,0.551241766,JHU029,Head and Neck Cancer,Upper Aerodigestive,Other
ACH-002257,-1.636522704,1.019399197,KINGS1,Brain Cancer,Central Nervous System,Other
ACH-002261,-1.161282592,1.019253281,KPNYS,Neuroblastoma,Peripheral Nervous System,Other
ACH-002263,-1.065156034,0.739982112,KYSE220,Esophageal Cancer,Esophagus,Other
ACH-002265,-1.364309167,0.709808298,LB771HNC,Head and Neck Cancer,Upper Aerodigestive,Other
ACH-002269,-1.396005857,0.84372134,LNZTA3WT4,Brain Cancer,Central Nervous System,Other
ACH-002278,-1.343024223,0.933192756,NB10,Neuroblastoma,Peripheral Nervous System,Other
ACH-002280,-1.17363091,0.785201133,NB13,Neuroblastoma,Peripheral Nervous System,Other
ACH-002282,-1.030622387,0.989636492,NB17,Neuroblastoma,Peripheral Nervous System,Other
ACH-002283,-0.746273561,0.699096837,NB5,Neuroblastoma,Peripheral Nervous System,Other
ACH-002284,-0.884443717,0.58654323,NB6,Neuroblastoma,Peripheral Nervous System,Other
ACH-002285,-1.024680351,0.740504685,NB7,Neuroblastoma,Peripheral Nervous System,Other
ACH-002294,-0.400509383,0.620627433,PCI15A,Head and Neck Cancer,Upper Aerodigestive,Other
ACH-002295,-0.93040714,1.058340394,PCI30,Head and Neck Cancer,Upper Aerodigestive,Other
ACH-002296,-0.768116935,0.768094702,PCI38,Head and Neck Cancer,Upper Aerodigestive,Other
ACH-002297,-0.931515368,0.702622318,PCI4B,Head and Neck Cancer,Upper Aerodigestive,Other
ACH-002298,-0.556173688,0.730339162,PCI6A,Head and Neck Cancer,Upper Aerodigestive,Other
ACH-002304,-1.30697558,0.851023129,SKMG1,Brain Cancer,Central Nervous System,Other
ACH-002305,-0.626804242,0.418560707,SKN3,Head and Neck Cancer,Upper Aerodigestive,Other
ACH-002446,-0.589275603,1.281143372,CCLFUPGI0005T,Gastric Cancer,Gastric,Other
ACH-002458,-1.625228123,1.326814296,HT144SKINFV1,Skin Cancer,Skin,Other
ACH-002459,-0.971970815,1.235452137,HT144SKINFV3,Skin Cancer,Skin,Other
ACH-002460,-1.336912737,1.12074868,HT144SKINFV2,Skin Cancer,Skin,Other
ACH-002461,-1.180972399,0.989045905,RVH421SKINFV1,Skin Cancer,Skin,Other
ACH-002465,-0.837805781,1.025855107,RPE1SS119,Non-Cancerous,Eye,Other
ACH-002471,-1.380100185,1.02987812,PSS008,Bone Cancer,Bone,Other
ACH-002508,-0.225151335,1.036346109,WM3211,Skin Cancer,Skin,Other
ACH-002510,-1.479828514,0.923677175,M040416,Skin Cancer,Skin,Other
ACH-002511,-0.825259653,1.193034324,M140325,Skin Cancer,Skin,Other
ACH-002647,-1.347422357,1.131189226,CCC5,Gastric Cancer,Gastric,Other
ACH-002659,-0.406521911,1.196086219,JVE127,Colon/Colorectal Cancer,Colorectal,Other
ACH-002664,-1.10476862,0.9145498,JVE253,Colon/Colorectal Cancer,Colorectal,Other
ACH-002669,-0.478360253,0.781747877,KP363T,Colon/Colorectal Cancer,Colorectal,Other
ACH-002672,-0.996932803,0.790746565,MAPACHS77,Pancreatic Cancer,Pancreas,Other
ACH-002680,-1.269483626,1.059959939,170MGBA,Brain Cancer,Central Nervous System,Other
ACH-002687,-0.638179958,1.028268129,WM3772F,Eye Cancer,Eye,Other
ACH-002693,-1.20180607,1.267982551,S462,Sarcoma,Peripheral Nervous System,Other
ACH-002710,-1.060274678,0.813077481,MPNST724,Sarcoma,Peripheral Nervous System,Other
ACH-002785,-0.267826994,1.01352834,NCCLMS1C1,Unknown,Soft Tissue,Other
ACH-002800,-0.104281893,1.047790227,NCCMPNST2C1,Unknown,Peripheral Nervous System,Other
ACH-002834,-1.614948327,1.005351388,PSS131R,Bone Cancer,Bone,Other
ACH-002847,-0.452106925,1.316760182,YUHOIN0650,Unknown,Unknown,Other
ACH-002926,-0.933779785,1.014724381,UPMD1,Unknown,Unknown,Other